"","ID","Description","GeneRatio","BgRatio","pvalue","p.adjust","qvalue","geneID","Count"
"GO:0007059","GO:0007059","chromosome segregation","26/275","330/23355",2.44400581440462e-14,8.42693204806713e-11,6.45474798772757e-11,"Kif23/Nuf2/Cit/Kntc1/Ncapg/Racgap1/Cenph/Aurkb/Cenpf/Bub1/Nusap1/Knl1/Cdca5/Kif22/Plk1/Cdca8/Ska1/Bub1b/Esco2/Dlgap5/Kif18b/Ccnb1/Oip5/Dscc1/Ube2c/Brca1",26
"GO:0140014","GO:0140014","mitotic nuclear division","23/275","275/23355",2.31820587141292e-13,3.92530471573469e-10,3.00665207344557e-10,"Kif23/Nuf2/Cit/Kif11/Kntc1/Tpx2/Ncapg/Kifc1/Racgap1/Aurkb/Bub1/Nusap1/Cdca5/Kif22/Plk1/Tnf/Cdca8/Bub1b/Kif18b/Ccnb1/Edn1/Dscc1/Ube2c",23
"GO:0000070","GO:0000070","mitotic sister chromatid segregation","18/275","154/23355",3.41528832575524e-13,3.92530471573469e-10,3.00665207344557e-10,"Kif23/Nuf2/Cit/Kntc1/Ncapg/Racgap1/Aurkb/Bub1/Nusap1/Cdca5/Kif22/Plk1/Cdca8/Bub1b/Kif18b/Ccnb1/Dscc1/Ube2c",18
"GO:0000819","GO:0000819","sister chromatid segregation","19/275","184/23355",7.11265728512815e-13,6.13111057978046e-10,4.69622556010172e-10,"Kif23/Nuf2/Cit/Kntc1/Ncapg/Racgap1/Aurkb/Bub1/Nusap1/Cdca5/Kif22/Plk1/Cdca8/Bub1b/Esco2/Kif18b/Ccnb1/Dscc1/Ube2c",19
"GO:0000280","GO:0000280","nuclear division","27/275","434/23355",2.16040448858016e-12,1.48981493532488e-09,1.14114839196792e-09,"Lif/Kif23/Nuf2/Cit/Kif11/Kntc1/Tpx2/Fanca/Ncapg/Kifc1/Racgap1/Rad51/Aurkb/Bub1/Nusap1/Cdca5/Kif22/Plk1/Tnf/Cdca8/Bub1b/Kif18b/Ccnb1/Edn1/Fignl1/Dscc1/Ube2c",27
"GO:0098813","GO:0098813","nuclear chromosome segregation","21/275","267/23355",8.57287140576626e-12,4.92654343451368e-09,3.77356743106448e-09,"Kif23/Nuf2/Cit/Kntc1/Ncapg/Racgap1/Aurkb/Cenpf/Bub1/Nusap1/Knl1/Cdca5/Kif22/Plk1/Cdca8/Bub1b/Esco2/Kif18b/Ccnb1/Dscc1/Ube2c",21
"GO:0048285","GO:0048285","organelle fission","27/275","490/23355",3.5150190373469e-11,1.73139794868173e-08,1.32619289694787e-08,"Lif/Kif23/Nuf2/Cit/Kif11/Kntc1/Tpx2/Fanca/Ncapg/Kifc1/Racgap1/Rad51/Aurkb/Bub1/Nusap1/Cdca5/Kif22/Plk1/Tnf/Cdca8/Bub1b/Kif18b/Ccnb1/Edn1/Fignl1/Dscc1/Ube2c",27
"GO:0045216","GO:0045216","cell-cell junction organization","16/275","208/23355",3.80289872735128e-09,1.6390493514884e-06,1.25545696143742e-06,"Micall2/Cldn4/Cldn3/Ceacam1/Ocln/Pkp2/Cldn7/Marveld2/Gjb6/Grhl1/Gjb2/Cldn1/Tnf/Tjp3/Csf1r/Nfasc",16
"GO:1902850","GO:1902850","microtubule cytoskeleton organization involved in mitosis","13/275","145/23355",1.82670518513993e-08,6.99831053151387e-06,5.36047170703636e-06,"Kif23/Nuf2/Kif11/Tpx2/Kifc1/Racgap1/Cenph/Cenpa/Aurkb/Nusap1/Plk1/Dlgap5/Ccnb1",13
"GO:0007052","GO:0007052","mitotic spindle organization","11/275","118/23355",1.55267793438316e-07,5.35363351775314e-05,4.10070414459721e-05,"Kif23/Nuf2/Kif11/Tpx2/Kifc1/Racgap1/Cenph/Aurkb/Plk1/Dlgap5/Ccnb1",11
"GO:0007043","GO:0007043","cell-cell junction assembly","12/275","148/23355",1.97018648798629e-07,6.1756391005243e-05,4.73033291708861e-05,"Micall2/Cldn4/Cldn3/Ocln/Pkp2/Cldn7/Marveld2/Gjb6/Gjb2/Cldn1/Tnf/Nfasc",12
"GO:0007091","GO:0007091","metaphase/anaphase transition of mitotic cell cycle","8/275","59/23355",4.40149797797187e-07,0.000126469708567058,9.68715651467669e-05,"Cit/Kntc1/Aurkb/Bub1/Plk1/Bub1b/Ccnb1/Ube2c",8
"GO:0010965","GO:0010965","regulation of mitotic sister chromatid separation","8/275","60/23355",5.02727713188831e-07,0.000133338858082699,0.00010213310383731,"Cit/Kntc1/Aurkb/Bub1/Plk1/Bub1b/Ccnb1/Ube2c",8
"GO:0070830","GO:0070830","bicellular tight junction assembly","9/275","84/23355",6.50056592252035e-07,0.000144369173452942,0.000110581956341871,"Micall2/Cldn4/Cldn3/Ocln/Pkp2/Cldn7/Marveld2/Cldn1/Tnf",9
"GO:0044784","GO:0044784","metaphase/anaphase transition of cell cycle","8/275","62/23355",6.50960923961393e-07,0.000144369173452942,0.000110581956341871,"Cit/Kntc1/Aurkb/Bub1/Plk1/Bub1b/Ccnb1/Ube2c",8
"GO:0051306","GO:0051306","mitotic sister chromatid separation","8/275","63/23355",7.38105711855112e-07,0.000144369173452942,0.000110581956341871,"Cit/Kntc1/Aurkb/Bub1/Plk1/Bub1b/Ccnb1/Ube2c",8
"GO:0044772","GO:0044772","mitotic cell cycle phase transition","18/275","383/23355",7.64705465167105e-07,0.000144369173452942,0.000110581956341871,"Ccna2/Pole/Cit/Kntc1/Ticrr/Cdk1/D7Ertd443e/Iqgap3/Aurkb/Cenpf/Bub1/Cdca5/Plk1/Tjp3/Bub1b/Ccnb1/Ube2c/Brca1",18
"GO:0044770","GO:0044770","cell cycle phase transition","19/275","424/23355",7.68395642722916e-07,0.000144369173452942,0.000110581956341871,"Ccna2/Pole/Cit/Kntc1/Ticrr/Cdk1/D7Ertd443e/Iqgap3/Aurkb/Cenpf/Bub1/Cdca5/Plk1/Tjp3/Bub1b/Ccnb1/Ptprc/Ube2c/Brca1",19
"GO:0120192","GO:0120192","tight junction assembly","9/275","86/23355",7.95537788748812e-07,0.000144369173452942,0.000110581956341871,"Micall2/Cldn4/Cldn3/Ocln/Pkp2/Cldn7/Marveld2/Cldn1/Tnf",9
"GO:0033045","GO:0033045","regulation of sister chromatid segregation","8/275","67/23355",1.19353595724994e-06,0.000195967237171323,0.000150104346703764,"Cit/Kntc1/Aurkb/Bub1/Plk1/Bub1b/Ccnb1/Ube2c",8
"GO:1905818","GO:1905818","regulation of chromosome separation","8/275","67/23355",1.19353595724994e-06,0.000195967237171323,0.000150104346703764,"Cit/Kntc1/Aurkb/Bub1/Plk1/Bub1b/Ccnb1/Ube2c",8
"GO:0120193","GO:0120193","tight junction organization","9/275","91/23355",1.28817218520871e-06,0.000200733885002512,0.000153755439452712,"Micall2/Cldn4/Cldn3/Ocln/Pkp2/Cldn7/Marveld2/Cldn1/Tnf",9
"GO:0002763","GO:0002763","positive regulation of myeloid leukocyte differentiation","8/275","68/23355",1.33900213313741e-06,0.000200733885002512,0.000153755439452712,"Lif/Csf1/Dlk1/Cd74/Tnf/Csf1r/Car2/Tyrobp",8
"GO:0043297","GO:0043297","apical junction assembly","9/275","93/23355",1.54877740930786e-06,0.000222507687803896,0.000170433443857607,"Micall2/Cldn4/Cldn3/Ocln/Pkp2/Cldn7/Marveld2/Cldn1/Tnf",9
"GO:0045672","GO:0045672","positive regulation of osteoclast differentiation","6/275","33/23355",2.13999661284651e-06,0.00029514833284379,0.000226073747437132,"Csf1/Dlk1/Tnf/Csf1r/Car2/Tyrobp",6
"GO:0007093","GO:0007093","mitotic cell cycle checkpoint","10/275","125/23355",2.34880223147435e-06,0.000311487311312445,0.000238588858249763,"Kntc1/Ticrr/Cdk1/D7Ertd443e/Aurkb/Bub1/Plk1/Bub1b/Ccnb1/Brca1",10
"GO:0002761","GO:0002761","regulation of myeloid leukocyte differentiation","10/275","130/23355",3.35069096476476e-06,0.000412613658803889,0.000316048256789277,"Lif/Csf1/Ceacam1/Dlk1/Cd74/Tnf/Csf1r/C1qc/Car2/Tyrobp",10
"GO:1903959","GO:1903959","regulation of anion transmembrane transport","10/275","130/23355",3.35069096476476e-06,0.000412613658803889,0.000316048256789277,"Ak1/C3/Ocln/Fgf21/Tnf/Edn1/Prkcb/Car2/Rnasel/Ptafr",10
"GO:0030071","GO:0030071","regulation of mitotic metaphase/anaphase transition","7/275","56/23355",4.11920652888072e-06,0.000489759452123474,0.000375139353210952,"Kntc1/Aurkb/Bub1/Plk1/Bub1b/Ccnb1/Ube2c",7
"GO:1901990","GO:1901990","regulation of mitotic cell cycle phase transition","14/275","271/23355",4.49469548060515e-06,0.000516590333904219,0.000395690910906608,"Kntc1/Ticrr/Cdk1/D7Ertd443e/Aurkb/Cenpf/Bub1/Cdca5/Plk1/Tjp3/Bub1b/Ccnb1/Ube2c/Brca1",14
"GO:0001910","GO:0001910","regulation of leukocyte mediated cytotoxicity","9/275","107/23355",5.00247385513614e-06,0.000530485037396889,0.0004063337888719,"Ceacam1/Muc4/Ulbp1/Dnase1l3/Ptprc/Tyrobp/Vav1/Cxcl5/Cd1d2",9
"GO:0007094","GO:0007094","mitotic spindle assembly checkpoint","6/275","38/23355",5.0771479797266e-06,0.000530485037396889,0.0004063337888719,"Kntc1/Aurkb/Bub1/Plk1/Bub1b/Ccnb1",6
"GO:0071173","GO:0071173","spindle assembly checkpoint","6/275","38/23355",5.0771479797266e-06,0.000530485037396889,0.0004063337888719,"Kntc1/Aurkb/Bub1/Plk1/Bub1b/Ccnb1",6
"GO:0007088","GO:0007088","regulation of mitotic nuclear division","9/275","108/23355",5.40169488713887e-06,0.000547795410907495,0.000419592955784255,"Kntc1/Aurkb/Bub1/Nusap1/Plk1/Tnf/Bub1b/Ccnb1/Edn1",9
"GO:1902099","GO:1902099","regulation of metaphase/anaphase transition of cell cycle","7/275","59/23355",5.87975844318387e-06,0.0005792402032028,0.000443678614554837,"Kntc1/Aurkb/Bub1/Plk1/Bub1b/Ccnb1/Ube2c",7
"GO:0001906","GO:0001906","cell killing","12/275","205/23355",6.18473665235179e-06,0.000592360332703027,0.000453728194758791,"C3/Ceacam1/Muc4/Camp/Cxcl2/Ulbp1/Dnase1l3/Ptprc/Tyrobp/Vav1/Cxcl5/Cd1d2",12
"GO:0051784","GO:0051784","negative regulation of nuclear division","7/275","60/23355",6.58993231318325e-06,0.00059660756031225,0.000456981428997263,"Lif/Kntc1/Aurkb/Bub1/Plk1/Bub1b/Ccnb1",7
"GO:0051983","GO:0051983","regulation of chromosome segregation","8/275","84/23355",6.71321614705817e-06,0.00059660756031225,0.000456981428997263,"Cit/Kntc1/Aurkb/Bub1/Plk1/Bub1b/Ccnb1/Ube2c",8
"GO:0045841","GO:0045841","negative regulation of mitotic metaphase/anaphase transition","6/275","40/23355",6.92120139573376e-06,0.00059660756031225,0.000456981428997263,"Kntc1/Aurkb/Bub1/Plk1/Bub1b/Ccnb1",6
"GO:0071174","GO:0071174","mitotic spindle checkpoint","6/275","40/23355",6.92120139573376e-06,0.00059660756031225,0.000456981428997263,"Kntc1/Aurkb/Bub1/Plk1/Bub1b/Ccnb1",6
"GO:0051783","GO:0051783","regulation of nuclear division","10/275","142/23355",7.38319440673139e-06,0.000615131834610433,0.000471170403296366,"Lif/Kntc1/Aurkb/Bub1/Nusap1/Plk1/Tnf/Bub1b/Ccnb1/Edn1",10
"GO:0007346","GO:0007346","regulation of mitotic cell cycle","18/275","453/23355",8.01633416223687e-06,0.000615131834610433,0.000471170403296366,"Kntc1/Ticrr/Cdk1/D7Ertd443e/Aurkb/Cenpf/Bub1/Nusap1/Cdca5/Plk1/Tnf/Tjp3/Bub1b/Dlgap5/Ccnb1/Edn1/Ube2c/Brca1",18
"GO:0033046","GO:0033046","negative regulation of sister chromatid segregation","6/275","41/23355",8.0281126906814e-06,0.000615131834610433,0.000471170403296366,"Kntc1/Aurkb/Bub1/Plk1/Bub1b/Ccnb1",6
"GO:0033048","GO:0033048","negative regulation of mitotic sister chromatid segregation","6/275","41/23355",8.0281126906814e-06,0.000615131834610433,0.000471170403296366,"Kntc1/Aurkb/Bub1/Plk1/Bub1b/Ccnb1",6
"GO:2000816","GO:2000816","negative regulation of mitotic sister chromatid separation","6/275","41/23355",8.0281126906814e-06,0.000615131834610433,0.000471170403296366,"Kntc1/Aurkb/Bub1/Plk1/Bub1b/Ccnb1",6
"GO:1904659","GO:1904659","glucose transmembrane transport","9/275","114/23355",8.4186057044152e-06,0.000627009749454109,0.000480268488637306,"Ak1/C3/Ocln/Slc5a1/Fgf21/Tnf/Edn1/Prkcb/Rnasel",9
"GO:0008645","GO:0008645","hexose transmembrane transport","9/275","115/23355",9.04048039506037e-06,0.000627009749454109,0.000480268488637306,"Ak1/C3/Ocln/Slc5a1/Fgf21/Tnf/Edn1/Prkcb/Rnasel",9
"GO:1902107","GO:1902107","positive regulation of leukocyte differentiation","11/275","178/23355",9.05379429062151e-06,0.000627009749454109,0.000480268488637306,"Lif/Csf1/Dlk1/Cd74/Cd83/H2-Aa/Tnf/Csf1r/Car2/Ptprc/Tyrobp",11
"GO:1903708","GO:1903708","positive regulation of hemopoiesis","11/275","178/23355",9.05379429062151e-06,0.000627009749454109,0.000480268488637306,"Lif/Csf1/Dlk1/Cd74/Cd83/H2-Aa/Tnf/Csf1r/Car2/Ptprc/Tyrobp",11
"GO:0051310","GO:0051310","metaphase plate congression","7/275","63/23355",9.16095024136837e-06,0.000627009749454109,0.000480268488637306,"Nuf2/Aurkb/Cenpf/Cdca5/Kif22/Cdca8/Ccnb1",7
"GO:1902100","GO:1902100","negative regulation of metaphase/anaphase transition of cell cycle","6/275","42/23355",9.27421613171681e-06,0.000627009749454109,0.000480268488637306,"Kntc1/Aurkb/Bub1/Plk1/Bub1b/Ccnb1",6
"GO:0071459","GO:0071459","protein localization to chromosome, centromeric region","5/275","25/23355",9.56102136540133e-06,0.000633969262844304,0.000485599243032225,"Cdk1/Cenpa/Aurkb/Knl1/Bub1b",5
"GO:0010827","GO:0010827","regulation of glucose transmembrane transport","8/275","89/23355",1.03380420842474e-05,0.000645586013289706,0.000494497285182523,"Ak1/C3/Ocln/Fgf21/Tnf/Edn1/Prkcb/Rnasel",8
"GO:0015749","GO:0015749","monosaccharide transmembrane transport","9/275","117/23355",1.04027395796342e-05,0.000645586013289706,0.000494497285182523,"Ak1/C3/Ocln/Slc5a1/Fgf21/Tnf/Edn1/Prkcb/Rnasel",9
"GO:0007051","GO:0007051","spindle organization","11/275","181/23355",1.06050836628024e-05,0.000645586013289706,0.000494497285182523,"Kif23/Nuf2/Kif11/Tpx2/Kifc1/Racgap1/Cenph/Aurkb/Plk1/Dlgap5/Ccnb1",11
"GO:0031577","GO:0031577","spindle checkpoint","6/275","43/23355",1.06723905909261e-05,0.000645586013289706,0.000494497285182523,"Kntc1/Aurkb/Bub1/Plk1/Bub1b/Ccnb1",6
"GO:1905819","GO:1905819","negative regulation of chromosome separation","6/275","43/23355",1.06723905909261e-05,0.000645586013289706,0.000494497285182523,"Kntc1/Aurkb/Bub1/Plk1/Bub1b/Ccnb1",6
"GO:0034219","GO:0034219","carbohydrate transmembrane transport","9/275","118/23355",1.11471481630881e-05,0.000659802377991454,0.000505386544871339,"Ak1/C3/Ocln/Slc5a1/Fgf21/Tnf/Edn1/Prkcb/Rnasel",9
"GO:1901991","GO:1901991","negative regulation of mitotic cell cycle phase transition","10/275","149/23355",1.12901218971855e-05,0.000659802377991454,0.000505386544871339,"Kntc1/Ticrr/Cdk1/D7Ertd443e/Aurkb/Bub1/Plk1/Bub1b/Ccnb1/Brca1",10
"GO:0033047","GO:0033047","regulation of mitotic sister chromatid segregation","6/275","44/23355",1.22362788128641e-05,0.000691650645028779,0.000529781251794238,"Kntc1/Aurkb/Bub1/Plk1/Bub1b/Ccnb1",6
"GO:0051985","GO:0051985","negative regulation of chromosome segregation","6/275","44/23355",1.22362788128641e-05,0.000691650645028779,0.000529781251794238,"Kntc1/Aurkb/Bub1/Plk1/Bub1b/Ccnb1",6
"GO:0090307","GO:0090307","mitotic spindle assembly","7/275","67/23355",1.38338953007843e-05,0.000751213870450944,0.000575404689510752,"Kif23/Kif11/Tpx2/Kifc1/Racgap1/Aurkb/Plk1",7
"GO:0030261","GO:0030261","chromosome condensation","6/275","45/23355",1.39803051787983e-05,0.000751213870450944,0.000575404689510752,"Ncapg/Cdk1/Nusap1/Cdca5/Ccnb1/Hmga2",6
"GO:0034502","GO:0034502","protein localization to chromosome","8/275","93/23355",1.43152940754404e-05,0.000751213870450944,0.000575404689510752,"Cdk1/Cenpa/Aurkb/Knl1/Cdca5/Plk1/Bub1b/Esco2",8
"GO:0061640","GO:0061640","cytoskeleton-dependent cytokinesis","8/275","93/23355",1.43152940754404e-05,0.000751213870450944,0.000575404689510752,"Kif23/Cit/Cep55/Racgap1/Cenpa/Aurkb/Nusap1/Plk1",8
"GO:0090068","GO:0090068","positive regulation of cell cycle process","13/275","261/23355",1.4566127588342e-05,0.000751213870450944,0.000575404689510752,"Ccn2/Kif23/Cit/Cdk1/Racgap1/Aurkb/Nusap1/Cdca5/Tnf/Ccnb1/Edn1/Ube2c/Brca1",13
"GO:0000086","GO:0000086","G2/M transition of mitotic cell cycle","9/275","122/23355",1.45972532831245e-05,0.000751213870450944,0.000575404689510752,"Ccna2/Cit/Ticrr/Cdk1/D7Ertd443e/Cenpf/Plk1/Ccnb1/Brca1",9
"GO:0000281","GO:0000281","mitotic cytokinesis","7/275","68/23355",1.52677355003503e-05,0.000774164000076587,0.000592983720903699,"Kif23/Cit/Cep55/Racgap1/Cenpa/Nusap1/Plk1",7
"GO:0051304","GO:0051304","chromosome separation","8/275","95/23355",1.67430944978561e-05,0.000836669417805913,0.000640860779483159,"Cit/Kntc1/Aurkb/Bub1/Plk1/Bub1b/Ccnb1/Ube2c",8
"GO:1901987","GO:1901987","regulation of cell cycle phase transition","14/275","305/23355",1.71362125416581e-05,0.000844080869194815,0.00064653770326346,"Kntc1/Ticrr/Cdk1/D7Ertd443e/Aurkb/Cenpf/Bub1/Cdca5/Plk1/Tjp3/Bub1b/Ccnb1/Ube2c/Brca1",14
"GO:0001894","GO:0001894","tissue homeostasis","13/275","266/23355",1.77987440982557e-05,0.000864367178180078,0.000662076337176033,"Csf1/Ccn2/Ceacam1/Muc4/Ocln/Dlk1/Ctss/Col9a1/Slc1a1/Tjp3/Hamp/Csf1r/Car2",13
"GO:0007080","GO:0007080","mitotic metaphase plate congression","6/275","47/23355",1.80704799188782e-05,0.000865375205004057,0.000662848451995109,"Nuf2/Aurkb/Cdca5/Kif22/Cdca8/Ccnb1",6
"GO:1902105","GO:1902105","regulation of leukocyte differentiation","14/275","307/23355",1.84271627802026e-05,0.000870367907755323,0.000666672695249147,"Lif/Csf1/Ceacam1/Dlk1/Fanca/Cd74/Cd83/H2-Aa/Tnf/Csf1r/C1qc/Car2/Ptprc/Tyrobp",14
"GO:0010948","GO:0010948","negative regulation of cell cycle process","12/275","230/23355",1.96806165189298e-05,0.000917010348071215,0.000702399243897508,"Lif/Kntc1/Ticrr/Cdk1/Kifc1/D7Ertd443e/Aurkb/Bub1/Plk1/Bub1b/Ccnb1/Brca1",12
"GO:0031341","GO:0031341","regulation of cell killing","9/275","128/23355",2.14584203678209e-05,0.000986515112376621,0.000755637567759477,"Ceacam1/Muc4/Ulbp1/Dnase1l3/Ptprc/Tyrobp/Vav1/Cxcl5/Cd1d2",9
"GO:1903961","GO:1903961","positive regulation of anion transmembrane transport","7/275","73/23355",2.44079188520713e-05,0.00110734873949924,0.000848192083100373,"Ak1/C3/Ocln/Fgf21/Car2/Rnasel/Ptafr",7
"GO:0045839","GO:0045839","negative regulation of mitotic nuclear division","6/275","50/23355",2.59641724289481e-05,0.00116265540954563,0.000890555141821338,"Kntc1/Aurkb/Bub1/Plk1/Bub1b/Ccnb1",6
"GO:0002274","GO:0002274","myeloid leukocyte activation","12/275","238/23355",2.75749439948864e-05,0.00121895393454318,0.000933677928247908,"Nr1d1/Tnf/Kit/Hamp/Ulbp1/Dnase1l3/C1qa/Timd2/Tyrobp/Il1rl1/Cxcl5/Ptafr",12
"GO:1901988","GO:1901988","negative regulation of cell cycle phase transition","10/275","166/23355",2.8840287609062e-05,0.00124060240735535,0.00095025993407454,"Kntc1/Ticrr/Cdk1/D7Ertd443e/Aurkb/Bub1/Plk1/Bub1b/Ccnb1/Brca1",10
"GO:0001819","GO:0001819","positive regulation of cytokine production","17/275","452/23355",2.88421206216272e-05,0.00124060240735535,0.00095025993407454,"C3/Dlk1/Laptm5/Serpine1/Cd74/Cd83/Camp/Tnf/Csf1r/Ulbp1/Ptprc/Tyrobp/Il1rl1/Scamp5/Htr2b/Ptafr/Brca1",17
"GO:0045670","GO:0045670","regulation of osteoclast differentiation","7/275","75/23355",2.91440820753431e-05,0.00124060240735535,0.00095025993407454,"Csf1/Ceacam1/Dlk1/Tnf/Csf1r/Car2/Tyrobp",7
"GO:0019886","GO:0019886","antigen processing and presentation of exogenous peptide antigen via MHC class II","4/275","16/23355",3.0616983330087e-05,0.00128740681124561,0.000986110541401646,"Ctss/H2-Ab1/Cd74/H2-Aa",4
"GO:0002683","GO:0002683","negative regulation of immune system process","16/275","417/23355",3.90774989429448e-05,0.0016129789686678,0.0012354879204993,"Nr1d1/Ceacam1/Muc4/Smpdl3b/Laptm5/H2-Ab1/Cd74/H2-Aa/Tnf/C1qc/Ptprc/Tyrobp/Gal/Il1rl1/Alox15/Btla",16
"GO:0008608","GO:0008608","attachment of spindle microtubules to kinetochore","5/275","33/23355",3.95443164045448e-05,0.0016129789686678,0.0012354879204993,"Nuf2/Racgap1/Aurkb/Knl1/Ccnb1",5
"GO:0045639","GO:0045639","positive regulation of myeloid cell differentiation","8/275","107/23355",3.97631126266715e-05,0.0016129789686678,0.0012354879204993,"Lif/Csf1/Dlk1/Cd74/Tnf/Csf1r/Car2/Tyrobp",8
"GO:0000075","GO:0000075","cell cycle checkpoint","10/275","174/23355",4.3086563894524e-05,0.00172747060823627,0.00132318468557357,"Kntc1/Ticrr/Cdk1/D7Ertd443e/Aurkb/Bub1/Plk1/Bub1b/Ccnb1/Brca1",10
"GO:0045766","GO:0045766","positive regulation of angiogenesis","10/275","175/23355",4.5230967166805e-05,0.00176661317180765,0.00135316657957791,"Chil1/C3/Sfrp2/Serpine1/Camp/Adm2/Prkcb/Mmp9/Brca1/Hmga2",10
"GO:1904018","GO:1904018","positive regulation of vasculature development","10/275","175/23355",4.5230967166805e-05,0.00176661317180765,0.00135316657957791,"Chil1/C3/Sfrp2/Serpine1/Camp/Adm2/Prkcb/Mmp9/Brca1/Hmga2",10
"GO:0019884","GO:0019884","antigen processing and presentation of exogenous antigen","5/275","34/23355",4.59186764126933e-05,0.00176661317180765,0.00135316657957791,"Ctss/H2-Ab1/Cd74/H2-Aa/Cd1d2",5
"GO:0044839","GO:0044839","cell cycle G2/M phase transition","9/275","141/23355",4.61122927676012e-05,0.00176661317180765,0.00135316657957791,"Ccna2/Cit/Ticrr/Cdk1/D7Ertd443e/Cenpf/Plk1/Ccnb1/Brca1",9
"GO:0051303","GO:0051303","establishment of chromosome localization","7/275","81/23355",4.80845256377096e-05,0.0018200024858312,0.00139406100773919,"Nuf2/Aurkb/Cenpf/Cdca5/Kif22/Cdca8/Ccnb1",7
"GO:0007162","GO:0007162","negative regulation of cell adhesion","13/275","293/23355",4.85615512460761e-05,0.0018200024858312,0.00139406100773919,"Plet1/Ceacam1/Muc4/Cldn7/Laptm5/H2-Ab1/Serpine1/Cd74/H2-Aa/Ptprc/Nexmif/Il1rn/Btla",13
"GO:0007062","GO:0007062","sister chromatid cohesion","6/275","56/23355",5.00093038219179e-05,0.00184727950327838,0.00141495429042785,"Bub1/Cdca5/Kif22/Bub1b/Esco2/Dscc1",6
"GO:0060249","GO:0060249","anatomical structure homeostasis","16/275","426/23355",5.03608681288189e-05,0.00184727950327838,0.00141495429042785,"Csf1/Ccn2/Ceacam1/Muc4/Ocln/Dlk1/Ctss/Col9a1/Rad51/Aurkb/Slc1a1/Tjp3/Hamp/Csf1r/Car2/P2rx2",16
"GO:0098656","GO:0098656","anion transmembrane transport","16/275","427/23355",5.17765840579597e-05,0.00187921749296679,0.0014394177218994,"Ak1/C3/Ocln/Slc5a1/Fgf21/Tnf/Slc1a1/Edn1/Prkcb/Slc6a14/Car2/Slc14a1/Rnasel/Ptafr/Gabrp/Stra6l",16
"GO:0042119","GO:0042119","neutrophil activation","5/275","35/23355",5.30593117008117e-05,0.00190571361192082,0.0014597128624708,"Tnf/Dnase1l3/Tyrobp/Cxcl5/Ptafr",5
"GO:0050000","GO:0050000","chromosome localization","7/275","83/23355",5.62785759191831e-05,0.00200050030690045,0.00153231629930798,"Nuf2/Aurkb/Cenpf/Cdca5/Kif22/Cdca8/Ccnb1",7
"GO:0001909","GO:0001909","leukocyte mediated cytotoxicity","9/275","145/23355",5.73622255521539e-05,0.00200989338853991,0.00153951108555582,"Ceacam1/Muc4/Ulbp1/Dnase1l3/Ptprc/Tyrobp/Vav1/Cxcl5/Cd1d2",9
"GO:0045765","GO:0045765","regulation of angiogenesis","13/275","298/23355",5.77086558774511e-05,0.00200989338853991,0.00153951108555582,"Lif/Chil1/C3/Sfrp2/Ceacam1/Serpine1/Camp/Tnf/Adm2/Prkcb/Mmp9/Brca1/Hmga2",13
"GO:0031572","GO:0031572","G2 DNA damage checkpoint","5/275","36/23355",6.10279770008305e-05,0.00210424464698864,0.00161178099257983,"Ticrr/Cdk1/D7Ertd443e/Plk1/Brca1",5
"GO:0002449","GO:0002449","lymphocyte mediated immunity","16/275","435/23355",6.44246519025338e-05,0.00219936831445482,0.00168464253906678,"C3/Ceacam1/C4b/Muc4/H2-Ab1/Igkc/Cd74/Tnf/Cd70/C1qc/Ulbp1/C1qa/Ptprc/Vav1/Cd1d2/C1qb",16
"GO:1901342","GO:1901342","regulation of vasculature development","13/275","302/23355",6.60705253830618e-05,0.00223344285804703,0.00171074249934058,"Lif/Chil1/C3/Sfrp2/Ceacam1/Serpine1/Camp/Tnf/Adm2/Prkcb/Mmp9/Brca1/Hmga2",13
"GO:0045860","GO:0045860","positive regulation of protein kinase activity","16/275","439/23355",7.17125564714076e-05,0.0024006300457613,0.00183880229112684,"Csf1/Chil1/Ceacam1/Tpx2/Cd74/Iqgap3/Ppp1r9a/Tnf/Slc1a1/Kit/Csf1r/Htr2a/Edn1/Ptprc/Il1rn/Htr2b",16
"GO:0002703","GO:0002703","regulation of leukocyte mediated immunity","12/275","264/23355",7.51670858818351e-05,0.0024920780011593,0.00190884836515713,"C3/Ceacam1/Muc4/Tnf/Ulbp1/Dnase1l3/Ptprc/Tyrobp/Vav1/Cxcl5/Ptafr/Cd1d2",12
"GO:0002573","GO:0002573","myeloid leukocyte differentiation","11/275","225/23355",7.84209358479292e-05,0.00255459092629398,0.0019567311741579,"Lif/Csf1/Ceacam1/Dlk1/Cd74/Tnf/Kit/Csf1r/C1qc/Car2/Tyrobp",11
"GO:0150146","GO:0150146","cell junction disassembly","4/275","20/23355",7.85344078269032e-05,0.00255459092629398,0.0019567311741579,"C3/C1qc/C1qa/C1qb",4
"GO:0034331","GO:0034331","cell junction maintenance","5/275","38/23355",7.97088932358633e-05,0.00256856321380614,0.00196743347888619,"Cldn3/Pkp2/Chchd10/Cldn1/Csf1r",5
"GO:2001251","GO:2001251","negative regulation of chromosome organization","7/275","88/23355",8.18591803006801e-05,0.00261343012663653,0.00200180003288895,"Kntc1/Aurkb/Bub1/Mcm2/Plk1/Bub1b/Ccnb1",7
"GO:0018107","GO:0018107","peptidyl-threonine phosphorylation","8/275","119/23355",8.4743741827121e-05,0.00268070111761388,0.00205332736112261,"Ddit4/Chil1/Cit/Pbk/Cdk1/Plk1/Prkcb/Mylk2",8
"GO:0050672","GO:0050672","negative regulation of lymphocyte proliferation","7/275","89/23355",8.7964643319156e-05,0.00274129641402307,0.00209974133068259,"Ceacam1/Laptm5/H2-Ab1/H2-Aa/Tyrobp/Gal/Btla",7
"GO:0045930","GO:0045930","negative regulation of mitotic cell cycle","11/275","228/23355",8.82493915187241e-05,0.00274129641402307,0.00209974133068259,"Kntc1/Ticrr/Cdk1/D7Ertd443e/Aurkb/Bub1/Plk1/Tnf/Bub1b/Ccnb1/Brca1",11
"GO:0008643","GO:0008643","carbohydrate transport","9/275","154/23355",9.13512013385676e-05,0.0028123119840659,0.00215413688118859,"Ak1/C3/Ocln/Slc5a1/Fgf21/Tnf/Edn1/Prkcb/Rnasel",9
"GO:0032945","GO:0032945","negative regulation of mononuclear cell proliferation","7/275","90/23355",9.44360525664278e-05,0.00288155317919507,0.00220717331988046,"Ceacam1/Laptm5/H2-Ab1/H2-Aa/Tyrobp/Gal/Btla",7
"GO:0002495","GO:0002495","antigen processing and presentation of peptide antigen via MHC class II","4/275","21/23355",9.61175904776969e-05,0.00288185610406173,0.0022074053501926,"Ctss/H2-Ab1/Cd74/H2-Aa",4
"GO:0051383","GO:0051383","kinetochore organization","4/275","21/23355",9.61175904776969e-05,0.00288185610406173,0.0022074053501926,"Nuf2/Cenph/Cenpa/Dlgap5",4
"GO:0036230","GO:0036230","granulocyte activation","5/275","41/23355",0.000115626837225125,0.00343011337482228,0.00262735207517068,"Tnf/Dnase1l3/Tyrobp/Cxcl5/Ptafr",5
"GO:0002504","GO:0002504","antigen processing and presentation of peptide or polysaccharide antigen via MHC class II","4/275","22/23355",0.00011639305825238,0.00343011337482228,0.00262735207517068,"Ctss/H2-Ab1/Cd74/H2-Aa",4
"GO:0070664","GO:0070664","negative regulation of leukocyte proliferation","7/275","95/23355",0.000132873739973038,0.00387097048211796,0.00296503386849248,"Ceacam1/Laptm5/H2-Ab1/H2-Aa/Tyrobp/Gal/Btla",7
"GO:0010212","GO:0010212","response to ionizing radiation","8/275","127/23355",0.000133597879168224,0.00387097048211796,0.00296503386849248,"Bbc3/Sfrp2/Ticrr/D7Ertd443e/Rad51/Fignl1/Ptprc/Brca1",8
"GO:0009314","GO:0009314","response to radiation","15/275","416/23355",0.000135366129119878,0.00388952011004451,0.00297924226282259,"Bbc3/Sfrp2/Pclaf/Ticrr/Pbk/D7Ertd443e/Rad51/Aurkb/Kit/Fignl1/Mmp9/Ptprc/Tafa2/Cryaa/Brca1",15
"GO:2000810","GO:2000810","regulation of bicellular tight junction assembly","4/275","23/23355",0.000139597244850612,0.00397794463012322,0.00304697248656099,"Cldn3/Pkp2/Cldn1/Tnf",4
"GO:0018210","GO:0018210","peptidyl-threonine modification","8/275","128/23355",0.000141073843088251,0.00398707058170729,0.00305396266012443,"Ddit4/Chil1/Cit/Pbk/Cdk1/Plk1/Prkcb/Mylk2",8
"GO:0033044","GO:0033044","regulation of chromosome organization","12/275","288/23355",0.000170174941482272,0.00477043250594208,0.00365399168317519,"Lif/Cit/Kntc1/Aurkb/Bub1/Mcm2/Cdca5/Plk1/Bub1b/Ccnb1/Ube2c/Brca1",12
"GO:0071900","GO:0071900","regulation of protein serine/threonine kinase activity","15/275","427/23355",0.000179704637622315,0.00499694831065921,0.00382749521047868,"Sfrp2/Ceacam1/Ccna2/Cd74/Iqgap3/Plk1/Tnf/Kit/Csf1r/Htr2a/Ccnb1/Edn1/Ptprc/Il1rn/Htr2b",15
"GO:0042116","GO:0042116","macrophage activation","7/275","100/23355",0.00018312675286054,0.00505136835090514,0.00386917914043869,"Nr1d1/Tnf/Hamp/Ulbp1/C1qa/Tyrobp/Il1rl1",7
"GO:0048015","GO:0048015","phosphatidylinositol-mediated signaling","9/275","170/23355",0.000193302106288662,0.00528909661028491,0.00405127103285042,"Ncs1/Cep55/Tnf/Csf1r/Htr2a/Edn1/Ltk/Htr2b/Ptafr",9
"GO:1902749","GO:1902749","regulation of cell cycle G2/M phase transition","7/275","101/23355",0.000194813013197849,0.00528909661028491,0.00405127103285042,"Ticrr/Cdk1/D7Ertd443e/Cenpf/Plk1/Ccnb1/Brca1",7
"GO:0022407","GO:0022407","regulation of cell-cell adhesion","15/275","432/23355",0.000203706275792616,0.00546508100248051,0.00418606918891916,"Ceacam1/Muc4/Laptm5/H2-Ab1/Cd74/Cd83/H2-Aa/Tnf/Ptprc/Nexmif/Megf10/Alox15/Il1rn/Ptafr/Btla",15
"GO:0043406","GO:0043406","positive regulation of MAP kinase activity","10/275","210/23355",0.000204465037505796,0.00546508100248051,0.00418606918891916,"Ceacam1/Cd74/Iqgap3/Tnf/Kit/Htr2a/Edn1/Ptprc/Il1rn/Htr2b",10
"GO:0070663","GO:0070663","regulation of leukocyte proliferation","11/275","252/23355",0.000212182303961035,0.00562772756967423,0.00431065101731367,"Csf1/Ceacam1/Laptm5/H2-Ab1/Cd74/H2-Aa/Csf1r/Ptprc/Tyrobp/Gal/Btla",11
"GO:0006260","GO:0006260","DNA replication","11/275","253/23355",0.000219554788175231,0.00575445017459474,0.00440771629260539,"Ccna2/Pole/Pclaf/Ticrr/Cdk1/Rad51/Mcm2/Esco2/Mcm3/Mcm5/Dscc1",11
"GO:0048017","GO:0048017","inositol lipid-mediated signaling","9/275","173/23355",0.000220297976521608,0.00575445017459474,0.00440771629260539,"Ncs1/Cep55/Tnf/Csf1r/Htr2a/Edn1/Ltk/Htr2b/Ptafr",9
"GO:0032637","GO:0032637","interleukin-8 production","6/275","75/23355",0.000257372156335642,0.00667232477477665,0.00511077752470223,"Chil1/Serpine1/Cd74/Camp/Tnf/Ptprc",6
"GO:0051051","GO:0051051","negative regulation of transport","16/275","492/23355",0.00026301284395803,0.00676767377587527,0.00518381166921207,"Lif/Maob/Abcg5/Cd74/Kcne1l/Ppp1r9a/Tnf/Hamp/Trh/Htr2a/Edn1/Prkcb/Lrrtm1/Mmp9/Scamp5/Il1rn",16
"GO:0002478","GO:0002478","antigen processing and presentation of exogenous peptide antigen","4/275","27/23355",0.000266613809248132,0.006798010442372,0.0052070485406983,"Ctss/H2-Ab1/Cd74/H2-Aa",4
"GO:0006936","GO:0006936","muscle contraction","12/275","303/23355",0.000271137871800229,0.006798010442372,0.0052070485406983,"Ccn2/Scn5a/Pkp2/Kcne1l/Kit/Htr2a/Edn1/Myom2/Htr2b/Ptafr/P2rx2/Mylk2",12
"GO:1903305","GO:1903305","regulation of regulated secretory pathway","9/275","178/23355",0.000272222801599264,0.006798010442372,0.0052070485406983,"Ncs1/Doc2b/Adcy1/Htr2a/Prkcb/Scamp5/Ptafr/P2rx2/Rims3",9
"GO:0045933","GO:0045933","positive regulation of muscle contraction","5/275","49/23355",0.000272500361727347,0.006798010442372,0.0052070485406983,"Ccn2/Kit/Edn1/Ptafr/Mylk2",5
"GO:1903706","GO:1903706","regulation of hemopoiesis","14/275","396/23355",0.000275523506402165,0.006798010442372,0.0052070485406983,"Lif/Csf1/Ceacam1/Dlk1/Fanca/Cd74/Cd83/H2-Aa/Tnf/Csf1r/C1qc/Car2/Ptprc/Tyrobp",14
"GO:0070374","GO:0070374","positive regulation of ERK1 and ERK2 cascade","10/275","218/23355",0.000276021305664756,0.006798010442372,0.0052070485406983,"Chil1/C3/Ccn2/Cd74/Fgf21/Csf1r/Htr2a/Ptprc/Alox15/Htr2b",10
"GO:0030595","GO:0030595","leukocyte chemotaxis","10/275","220/23355",0.000296862632336794,0.00722003023194786,0.00553030157893429,"Csf1/Serpine1/Cd74/Cxcl2/Kit/Csf1r/Edn1/Trpm2/Vav1/Cxcl5",10
"GO:0051656","GO:0051656","establishment of organelle localization","14/275","399/23355",0.000297344632522215,0.00722003023194786,0.00553030157893429,"Kif23/Nuf2/Kifc1/Cenpa/Aurkb/Cenpf/Nusap1/Cdca5/Kif22/Plk1/Kit/Cdca8/Ccnb1/Mylk2",14
"GO:0014821","GO:0014821","phasic smooth muscle contraction","4/275","28/23355",0.000308185735798429,0.00737933622939572,0.00565232464267733,"Kit/Edn1/Htr2b/P2rx2",4
"GO:0042044","GO:0042044","fluid transport","4/275","28/23355",0.000308185735798429,0.00737933622939572,0.00565232464267733,"Slc5a1/Edn1/Slc14a1/Mylk2",4
"GO:0045453","GO:0045453","bone resorption","6/275","78/23355",0.000318794240917476,0.00753373084136001,0.00577058574947254,"Ceacam1/Dlk1/Ctss/Hamp/Csf1r/Car2",6
"GO:0045637","GO:0045637","regulation of myeloid cell differentiation","10/275","222/23355",0.000319003684117912,0.00753373084136001,0.00577058574947254,"Lif/Csf1/Ceacam1/Dlk1/Cd74/Tnf/Csf1r/C1qc/Car2/Tyrobp",10
"GO:0000727","GO:0000727","double-strand break repair via break-induced replication","3/275","12/23355",0.000328371855945334,0.00762761041703592,0.00584249436327485,"Mcm2/Mcm3/Mcm5",3
"GO:0016264","GO:0016264","gap junction assembly","3/275","12/23355",0.000328371855945334,0.00762761041703592,0.00584249436327485,"Pkp2/Gjb6/Gjb2",3
"GO:0045786","GO:0045786","negative regulation of cell cycle","15/275","452/23355",0.00032961541535335,0.00762761041703592,0.00584249436327485,"Ak1/Lif/Kntc1/Ticrr/Cdk1/Kifc1/D7Ertd443e/Cgref1/Aurkb/Bub1/Plk1/Tnf/Bub1b/Ccnb1/Brca1",15
"GO:0030316","GO:0030316","osteoclast differentiation","7/275","111/23355",0.000348239342298923,0.00800486168164459,0.00613145620931929,"Csf1/Ceacam1/Dlk1/Tnf/Csf1r/Car2/Tyrobp",7
"GO:0034508","GO:0034508","centromere complex assembly","4/275","29/23355",0.000354205379094562,0.00808013821300944,0.00618911551362824,"Cenph/Cenpa/Dlgap5/Oip5",4
"GO:0002699","GO:0002699","positive regulation of immune effector process","11/275","268/23355",0.000359002288936899,0.00808013821300944,0.00618911551362824,"C3/Ceacam1/Laptm5/Cd74/Tnf/Ulbp1/Ptprc/Tyrobp/Vav1/Ptafr/Cd1d2",11
"GO:0045124","GO:0045124","regulation of bone resorption","5/275","52/23355",0.000360887843620491,0.00808013821300944,0.00618911551362824,"Ceacam1/Dlk1/Hamp/Csf1r/Car2",5
"GO:0061028","GO:0061028","establishment of endothelial barrier","5/275","52/23355",0.000360887843620491,0.00808013821300944,0.00618911551362824,"Cldn3/Marveld2/Cldn1/Tnf/Tjp3",5
"GO:0019724","GO:0019724","B cell mediated immunity","11/275","271/23355",0.000394358881700808,0.0087235871125164,0.00668197584115998,"C3/C4b/H2-Ab1/Igkc/Cd74/Tnf/Cd70/C1qc/C1qa/Ptprc/C1qb",11
"GO:0010828","GO:0010828","positive regulation of glucose transmembrane transport","5/275","53/23355",0.000394686655902714,0.0087235871125164,0.00668197584115998,"Ak1/C3/Ocln/Fgf21/Rnasel",5
"GO:0002347","GO:0002347","response to tumor cell","4/275","30/23355",0.000404938637145298,0.00883688873972777,0.00676876109658596,"Ceacam1/Muc4/Laptm5/Ulbp1",4
"GO:0070633","GO:0070633","transepithelial transport","4/275","30/23355",0.000404938637145298,0.00883688873972777,0.00676876109658596,"Cldn3/Slc5a1/Edn1/Rhbg",4
"GO:0051225","GO:0051225","spindle assembly","7/275","114/23355",0.000409489724495238,0.00886663765537099,0.00679154777058426,"Kif23/Kif11/Tpx2/Kifc1/Racgap1/Aurkb/Plk1",7
"GO:0050900","GO:0050900","leukocyte migration","13/275","364/23355",0.000411444902801438,0.00886663765537099,0.00679154777058426,"Csf1/Serpine1/Cd74/Cxcl2/Tnf/Kit/Csf1r/Edn1/Trpm2/Mmp9/Vav1/Cxcl5/Ptafr",13
"GO:0045787","GO:0045787","positive regulation of cell cycle","13/275","365/23355",0.000422240846254543,0.00895153588047437,0.00685657697035969,"Ccn2/Kif23/Cit/Cdk1/Racgap1/Aurkb/Nusap1/Cdca5/Tnf/Ccnb1/Edn1/Ube2c/Brca1",13
"GO:0007076","GO:0007076","mitotic chromosome condensation","3/275","13/23355",0.000423172954906416,0.00895153588047437,0.00685657697035969,"Ncapg/Nusap1/Cdca5",3
"GO:0051988","GO:0051988","regulation of attachment of spindle microtubules to kinetochore","3/275","13/23355",0.000423172954906416,0.00895153588047437,0.00685657697035969,"Racgap1/Aurkb/Ccnb1",3
"GO:0034113","GO:0034113","heterotypic cell-cell adhesion","5/275","54/23355",0.000430820958956021,0.00903991428763087,0.00692427187314258,"Pkp2/Tnf/Ptprc/Alox15/Il1rn",5
"GO:0071902","GO:0071902","positive regulation of protein serine/threonine kinase activity","11/275","274/23355",0.000432594506223635,0.00903991428763087,0.00692427187314258,"Ceacam1/Cd74/Iqgap3/Tnf/Kit/Csf1r/Htr2a/Edn1/Ptprc/Il1rn/Htr2b",11
"GO:1902042","GO:1902042","negative regulation of extrinsic apoptotic signaling pathway via death domain receptors","4/275","31/23355",0.000460653989347354,0.00956828286307034,0.0073289845229709,"Sfrp2/Serpine1/Faim2/Brca1",4
"GO:0002695","GO:0002695","negative regulation of leukocyte activation","9/275","192/23355",0.00047393140918334,0.00976401584607878,0.00747890943882392,"Nr1d1/Ceacam1/Laptm5/H2-Ab1/Cd74/H2-Aa/Tyrobp/Gal/Btla",9
"GO:2000300","GO:2000300","regulation of synaptic vesicle exocytosis","6/275","84/23355",0.000475740911293861,0.00976401584607878,0.00747890943882392,"Ncs1/Adcy1/Htr2a/Prkcb/P2rx2/Rims3",6
"GO:0032944","GO:0032944","regulation of mononuclear cell proliferation","10/275","235/23355",0.000499145866217447,0.0101837570811702,0.00780041718056416,"Csf1/Ceacam1/Laptm5/H2-Ab1/Cd74/H2-Aa/Ptprc/Tyrobp/Gal/Btla",10
"GO:0019221","GO:0019221","cytokine-mediated signaling pathway","13/275","372/23355",0.000504769512025359,0.0102208455625166,0.00782882571631276,"Csf1/Ceacam1/Laptm5/Cd74/Cxcl2/Tnf/Slc1a1/Kit/Csf1r/Edn1/Ptprc/Cxcl5/Il1rn",13
"GO:0010389","GO:0010389","regulation of G2/M transition of mitotic cell cycle","6/275","85/23355",0.000506892282827823,0.0102208455625166,0.00782882571631276,"Ticrr/Cdk1/D7Ertd443e/Cenpf/Ccnb1/Brca1",6
"GO:0022408","GO:0022408","negative regulation of cell-cell adhesion","9/275","194/23355",0.000510824008182572,0.010240239419846,0.00784368076211795,"Ceacam1/Muc4/Laptm5/H2-Ab1/Cd74/H2-Aa/Nexmif/Il1rn/Btla",9
"GO:0070997","GO:0070997","neuron death","14/275","422/23355",0.000519605960456685,0.0103560771771945,0.0079324086083713,"Ddit4/Csf1/Bbc3/Cit/Fgf21/Cxcl2/Tnf/Slc1a1/Faim2/Trpm2/Ncf2/C1qa/Tyrobp/Chl1",14
"GO:0014831","GO:0014831","gastro-intestinal system smooth muscle contraction","3/275","14/23355",0.000533905063198989,0.0105799118270696,0.00810385846077595,"Kit/Htr2b/Ptafr",3
"GO:0032467","GO:0032467","positive regulation of cytokinesis","4/275","33/23355",0.000588115623083658,0.0115875581050997,0.00887568179438735,"Kif23/Cit/Racgap1/Aurkb",4
"GO:0070371","GO:0070371","ERK1 and ERK2 cascade","12/275","332/23355",0.000613667821374364,0.0120223105005614,0.00920868758270501,"Lif/Chil1/C3/Ccn2/Cd74/Iqgap3/Fgf21/Csf1r/Htr2a/Ptprc/Alox15/Htr2b",12
"GO:0043405","GO:0043405","regulation of MAP kinase activity","11/275","287/23355",0.000636156902940326,0.0122803878087971,0.00940636616567102,"Sfrp2/Ceacam1/Cd74/Iqgap3/Tnf/Kit/Htr2a/Edn1/Ptprc/Il1rn/Htr2b",11
"GO:0000910","GO:0000910","cytokinesis","8/275","160/23355",0.000637525933229318,0.0122803878087971,0.00940636616567102,"Kif23/Cit/Cep55/Racgap1/Cenpa/Aurkb/Nusap1/Plk1",8
"GO:0051250","GO:0051250","negative regulation of lymphocyte activation","8/275","160/23355",0.000637525933229318,0.0122803878087971,0.00940636616567102,"Ceacam1/Laptm5/H2-Ab1/Cd74/H2-Aa/Tyrobp/Gal/Btla",8
"GO:0046928","GO:0046928","regulation of neurotransmitter secretion","7/275","123/23355",0.00064638115951535,0.0123782374179265,0.00948131569226331,"Ncs1/Adcy1/Ppp1r9a/Htr2a/Prkcb/P2rx2/Rims3",7
"GO:1902750","GO:1902750","negative regulation of cell cycle G2/M phase transition","5/275","59/23355",0.000650189526483519,0.0123782374179265,0.00948131569226331,"Ticrr/Cdk1/D7Ertd443e/Plk1/Brca1",5
"GO:0034329","GO:0034329","cell junction assembly","14/275","432/23355",0.00065337564096944,0.0123782374179265,0.00948131569226331,"Micall2/Cldn4/Cldn3/Ocln/Pkp2/Cldn7/Marveld2/Gjb6/Gjb2/Ppp1r9a/Cldn1/Tnf/Nfasc/Lrrtm1",14
"GO:0006270","GO:0006270","DNA replication initiation","4/275","34/23355",0.000660408549306452,0.0124431075301019,0.00953100402766688,"Ticrr/Mcm2/Mcm3/Mcm5",4
"GO:0022411","GO:0022411","cellular component disassembly","13/275","385/23355",0.000694528354333976,0.0130148574225193,0.0099689453147823,"Ddit4/C3/Lcp1/Tpx2/Ctss/Cdk1/Plk1/Tnf/Kif18b/C1qc/Dnase1l3/C1qa/C1qb",13
"GO:0018105","GO:0018105","peptidyl-serine phosphorylation","12/275","337/23355",0.00069942929478191,0.0130358497751785,0.00998502475452525,"Ddit4/Lif/Sfrp2/Pbk/Cdk1/Aurkb/Plk1/Tnf/Slc1a1/Ccnb1/Prkcb/Camkv",12
"GO:0051302","GO:0051302","regulation of cell division","8/275","163/23355",0.000720102812163938,0.0133490026685014,0.0102248893928654,"Sfrp2/Kif23/Cit/Racgap1/Aurkb/Plk1/Kif18b/Htr2b",8
"GO:0002697","GO:0002697","regulation of immune effector process","14/275","437/23355",0.000730541946144395,0.0133827934179446,0.0102507719763167,"C3/Ceacam1/Muc4/Laptm5/Cd74/Tnf/Ulbp1/Dnase1l3/Ptprc/Tyrobp/Vav1/Cxcl5/Ptafr/Cd1d2",14
"GO:0034764","GO:0034764","positive regulation of transmembrane transport","10/275","247/23355",0.000733569592804968,0.0133827934179446,0.0102507719763167,"Ak1/C3/Ocln/Ctss/Kcne1l/Fgf21/Car2/Gal/Rnasel/Ptafr",10
"GO:0034767","GO:0034767","positive regulation of ion transmembrane transport","10/275","247/23355",0.000733569592804968,0.0133827934179446,0.0102507719763167,"Ak1/C3/Ocln/Ctss/Kcne1l/Fgf21/Car2/Gal/Rnasel/Ptafr",10
"GO:0006281","GO:0006281","DNA repair","15/275","489/23355",0.000742900176455774,0.0133940063822505,0.0102593607317946,"Pole/Pclaf/Fanca/Ticrr/Neil3/Rad51/Mcm2/Cdca5/Kif22/Esco2/Mcm3/Fignl1/Hrob/Mcm5/Brca1",15
"GO:0071621","GO:0071621","granulocyte chemotaxis","7/275","126/23355",0.000745837942399101,0.0133940063822505,0.0102593607317946,"Csf1/Cd74/Cxcl2/Csf1r/Edn1/Vav1/Cxcl5",7
"GO:1901216","GO:1901216","positive regulation of neuron death","7/275","126/23355",0.000745837942399101,0.0133940063822505,0.0102593607317946,"Ddit4/Bbc3/Tnf/Trpm2/Ncf2/C1qa/Tyrobp",7
"GO:0051382","GO:0051382","kinetochore assembly","3/275","16/23355",0.00080719554028098,0.0142939583735839,0.0109486938451954,"Cenph/Cenpa/Dlgap5",3
"GO:1902969","GO:1902969","mitotic DNA replication","3/275","16/23355",0.00080719554028098,0.0142939583735839,0.0109486938451954,"Rad51/Mcm2/Mcm3",3
"GO:0002705","GO:0002705","positive regulation of leukocyte mediated immunity","8/275","166/23355",0.000811084956307978,0.0142939583735839,0.0109486938451954,"C3/Tnf/Ulbp1/Ptprc/Tyrobp/Vav1/Ptafr/Cd1d2",8
"GO:0045785","GO:0045785","positive regulation of cell adhesion","14/275","442/23355",0.000815289997169066,0.0142939583735839,0.0109486938451954,"Lif/Csf1/Fbln2/Ceacam1/H2-Ab1/Cd74/Cd83/H2-Aa/Tnf/Ptprc/Megf10/Vav1/Alox15/Ptafr",14
"GO:0046850","GO:0046850","regulation of bone remodeling","5/275","62/23355",0.000816679176216943,0.0142939583735839,0.0109486938451954,"Ceacam1/Dlk1/Hamp/Csf1r/Car2",5
"GO:0050867","GO:0050867","positive regulation of cell activation","15/275","494/23355",0.000823298207541682,0.01433703141214,0.0109816863515262,"Ccn2/Ceacam1/H2-Ab1/Igkc/Cd74/Cd83/H2-Aa/Tnf/Hamp/Ulbp1/Timd2/Ptprc/Tyrobp/Il1rl1/Ptafr",15
"GO:0050727","GO:0050727","regulation of inflammatory response","12/275","344/23355",0.000836191541204156,0.0144883840908137,0.0110976174392025,"Nr1d1/C3/Smpdl3b/Fanca/Pbk/Ctss/Serpine1/Tnf/Hamp/Dnase1l3/Il1rl1/Alox15",12
"GO:0097193","GO:0097193","intrinsic apoptotic signaling pathway","11/275","298/23355",0.00086566072771135,0.0149239909457437,0.011431277714883,"Ddit4/Bbc3/Melk/Cd74/Bub1/Tnf/Fignl1/Mmp9/Bcl2a1b/Brca1/Chac1",11
"GO:0016572","GO:0016572","histone phosphorylation","4/275","37/23355",0.000914840876590971,0.0156933897636103,0.0120206114656546,"Ccna2/Aurkb/Ccnb1/Prkcb",4
"GO:0070661","GO:0070661","leukocyte proliferation","12/275","348/23355",0.00092390281406913,0.015770380707477,0.0120795839525766,"Csf1/Ceacam1/Laptm5/H2-Ab1/Cd74/H2-Aa/Cd70/Csf1r/Ptprc/Tyrobp/Gal/Btla",12
"GO:0065004","GO:0065004","protein-DNA complex assembly","8/275","170/23355",0.000946530077610905,0.015998214252953,0.0122540968252103,"Rad51/Cenph/Cenpa/Mcm2/Dlgap5/Mcm3/Oip5/Mcm5",8
"GO:0071897","GO:0071897","DNA biosynthetic process","8/275","170/23355",0.000946530077610905,0.015998214252953,0.0122540968252103,"Ccn2/Pole/Pclaf/Tk1/Aurkb/Tnf/Hrob/Dscc1",8
"GO:0042391","GO:0042391","regulation of membrane potential","14/275","451/23355",0.000988821305887271,0.0165551667074082,0.0126807037699619,"Scn5a/Pkp2/Nalcn/Kcne1l/Cnih3/Ppp1r9a/Chchd10/Tnf/Edn1/Kcnn4/Il1rn/P2rx2/Gabrp/Rims3",14
"GO:0050866","GO:0050866","negative regulation of cell activation","9/275","213/23355",0.000993651684648816,0.0165551667074082,0.0126807037699619,"Nr1d1/Ceacam1/Laptm5/H2-Ab1/Cd74/H2-Aa/Tyrobp/Gal/Btla",9
"GO:0002460","GO:0002460","adaptive immune response based on somatic recombination of immune receptors built from immunoglobulin superfamily domains","14/275","452/23355",0.00100989181380388,0.0165551667074082,0.0126807037699619,"C3/C4b/Muc4/H2-Ab1/Igkc/Cd74/Tnf/Cd70/C1qc/C1qa/Ptprc/Il1rl1/Cd1d2/C1qb",14
"GO:0001953","GO:0001953","negative regulation of cell-matrix adhesion","4/275","38/23355",0.00101309169816216,0.0165551667074082,0.0126807037699619,"Plet1/Muc4/Serpine1/Nexmif",4
"GO:0002931","GO:0002931","response to ischemia","4/275","38/23355",0.00101309169816216,0.0165551667074082,0.0126807037699619,"Csf1/Csf1r/Faim2/P2rx2",4
"GO:0033260","GO:0033260","nuclear DNA replication","4/275","38/23355",0.00101309169816216,0.0165551667074082,0.0126807037699619,"Rad51/Mcm2/Mcm3/Mcm5",4
"GO:0044818","GO:0044818","mitotic G2/M transition checkpoint","4/275","38/23355",0.00101309169816216,0.0165551667074082,0.0126807037699619,"Ticrr/Cdk1/D7Ertd443e/Brca1",4
"GO:0002819","GO:0002819","regulation of adaptive immune response","9/275","216/23355",0.00109587131541423,0.0177988831358426,0.0136333489399894,"C3/Muc4/H2-Ab1/Cd74/Tnf/Ptprc/Il1rl1/Alox15/Cd1d2",9
"GO:0010952","GO:0010952","positive regulation of peptidase activity","8/275","174/23355",0.00109952497329886,0.0177988831358426,0.0136333489399894,"Bbc3/Cldn4/Sfrp2/Ccn2/Cldn3/Laptm5/Tnf/Slc1a1",8
"GO:0032506","GO:0032506","cytokinetic process","4/275","39/23355",0.00111852422806288,0.0180218296185085,0.0138041184860293,"Kif23/Cep55/Racgap1/Aurkb",4
"GO:0002027","GO:0002027","regulation of heart rate","6/275","99/23355",0.00113278528481403,0.0181667147071571,0.0139150956161488,"Scn5a/Pkp2/Kcne1l/Tnf/Slc1a1/Edn1",6
"GO:0006959","GO:0006959","humoral immune response","13/275","407/23355",0.00115190585130039,0.0181987181472376,0.0139396091804308,"C3/Wfdc18/C4b/H2-Ab1/Igkc/Camp/Cxcl2/Tnf/C1qc/C1qa/Ptprc/Cxcl5/C1qb",13
"GO:0006833","GO:0006833","water transport","3/275","18/23355",0.00115589306097594,0.0181987181472376,0.0139396091804308,"Slc5a1/Slc14a1/Mylk2",3
"GO:0035633","GO:0035633","maintenance of blood-brain barrier","3/275","18/23355",0.00115589306097594,0.0181987181472376,0.0139396091804308,"Ocln/Slc1a1/Tjp3",3
"GO:0071801","GO:0071801","regulation of podosome assembly","3/275","18/23355",0.00115589306097594,0.0181987181472376,0.0139396091804308,"Lcp1/Hck/Tnf",3
"GO:0045055","GO:0045055","regulated exocytosis","10/275","263/23355",0.00118055997691155,0.0185025945472319,0.0141723683352683,"Ncs1/Doc2b/Adcy1/Kit/Htr2a/Prkcb/Scamp5/Ptafr/P2rx2/Rims3",10
"GO:0070372","GO:0070372","regulation of ERK1 and ERK2 cascade","11/275","312/23355",0.00125312441422126,0.0195304157250332,0.014959644967062,"Lif/Chil1/C3/Ccn2/Cd74/Fgf21/Csf1r/Htr2a/Ptprc/Alox15/Htr2b",11
"GO:0032970","GO:0032970","regulation of actin filament-based process","13/275","411/23355",0.00125746876187859,0.0195304157250332,0.014959644967062,"Ccn2/Scn5a/Pkp2/Cit/Iqgap3/Ppp1r9a/Smim22/Hck/Csf1r/Edn1/Trpm2/Alox15/Mylk2",13
"GO:0016079","GO:0016079","synaptic vesicle exocytosis","7/275","138/23355",0.00127072740493408,0.0196478389785323,0.0150495872503167,"Ncs1/Doc2b/Adcy1/Htr2a/Prkcb/P2rx2/Rims3",7
"GO:0003018","GO:0003018","vascular process in circulatory system","9/275","221/23355",0.00128503719114066,0.01969248104468,0.0150837815792838,"Ceacam1/Ocln/Slc5a1/Tnf/Tjp3/Htr2a/Edn1/Htr2b/Ptafr",9
"GO:0097529","GO:0097529","myeloid leukocyte migration","9/275","221/23355",0.00128503719114066,0.01969248104468,0.0150837815792838,"Csf1/Serpine1/Cd74/Cxcl2/Kit/Csf1r/Edn1/Vav1/Cxcl5",9
"GO:0016064","GO:0016064","immunoglobulin mediated immune response","10/275","267/23355",0.00132154218032716,0.0200240232914676,0.0153377318470791,"C3/C4b/H2-Ab1/Igkc/Cd74/Tnf/C1qc/C1qa/Ptprc/C1qb",10
"GO:0022409","GO:0022409","positive regulation of cell-cell adhesion","10/275","267/23355",0.00132154218032716,0.0200240232914676,0.0153377318470791,"Ceacam1/H2-Ab1/Cd74/Cd83/H2-Aa/Tnf/Ptprc/Megf10/Alox15/Ptafr",10
"GO:0018209","GO:0018209","peptidyl-serine modification","12/275","363/23355",0.00132409434757965,0.0200240232914676,0.0153377318470791,"Ddit4/Lif/Sfrp2/Pbk/Cdk1/Aurkb/Plk1/Tnf/Slc1a1/Ccnb1/Prkcb/Camkv",12
"GO:0045823","GO:0045823","positive regulation of heart contraction","4/275","41/23355",0.00135204102300936,0.0203108552999823,0.0155574355683404,"Ccn2/Scn5a/Slc1a1/Edn1",4
"GO:0002922","GO:0002922","positive regulation of humoral immune response","3/275","19/23355",0.00136073305519023,0.0203108552999823,0.0155574355683404,"C3/Tnf/Ptprc",3
"GO:0034501","GO:0034501","protein localization to kinetochore","3/275","19/23355",0.00136073305519023,0.0203108552999823,0.0155574355683404,"Cdk1/Aurkb/Knl1",3
"GO:0051588","GO:0051588","regulation of neurotransmitter transport","7/275","140/23355",0.00138092416509176,0.0205233901777431,0.0157202301733904,"Ncs1/Adcy1/Ppp1r9a/Htr2a/Prkcb/P2rx2/Rims3",7
"GO:0002455","GO:0002455","humoral immune response mediated by circulating immunoglobulin","8/275","181/23355",0.00141432555156076,0.0208552099128038,0.0159743929879182,"C3/H2-Ab1/Igkc/Tnf/C1qc/C1qa/Ptprc/C1qb",8
"GO:0032677","GO:0032677","regulation of interleukin-8 production","5/275","70/23355",0.00141534777250467,0.0208552099128038,0.0159743929879182,"Serpine1/Cd74/Camp/Tnf/Ptprc",5
"GO:0010469","GO:0010469","regulation of signaling receptor activity","7/275","142/23355",0.00149844869730821,0.0219857493971008,0.0168403484055825,"Muc4/Serpine1/Cnih3/Dlgap1/Tnf/Edn1/Lilr4b",7
"GO:0046849","GO:0046849","bone remodeling","6/275","105/23355",0.00153457753919001,0.022420437945454,0.0171733052891513,"Ceacam1/Dlk1/Ctss/Hamp/Csf1r/Car2",6
"GO:0002283","GO:0002283","neutrophil activation involved in immune response","3/275","20/23355",0.00158700340472494,0.022940365350739,0.0175715522850788,"Dnase1l3/Tyrobp/Ptafr",3
"GO:0045649","GO:0045649","regulation of macrophage differentiation","3/275","20/23355",0.00158700340472494,0.022940365350739,0.0175715522850788,"Lif/Csf1/C1qc",3
"GO:0052547","GO:0052547","regulation of peptidase activity","13/275","422/23355",0.00159012393237431,0.022940365350739,0.0175715522850788,"Bbc3/Cldn4/Wfdc18/Sfrp2/Ccn2/Cldn3/Laptm5/Serpine1/Tnf/Slc1a1/Mmp9/Cryaa/Serpinb11",13
"GO:0044786","GO:0044786","cell cycle DNA replication","4/275","43/23355",0.0016175978027517,0.0232293634611368,0.0177929151679058,"Rad51/Mcm2/Mcm3/Mcm5",4
"GO:0006261","GO:0006261","DNA-dependent DNA replication","7/275","144/23355",0.00162363010270707,0.0232293634611368,0.0177929151679058,"Pole/Ticrr/Rad51/Mcm2/Mcm3/Mcm5/Dscc1",7
"GO:0032943","GO:0032943","mononuclear cell proliferation","11/275","323/23355",0.00164908242681261,0.023496017386983,0.0179971631529919,"Csf1/Ceacam1/Laptm5/H2-Ab1/Cd74/H2-Aa/Cd70/Ptprc/Tyrobp/Gal/Btla",11
"GO:0007269","GO:0007269","neurotransmitter secretion","8/275","186/23355",0.00168009544799241,0.0236447718558278,0.0181111040988741,"Ncs1/Doc2b/Adcy1/Ppp1r9a/Htr2a/Prkcb/P2rx2/Rims3",8
"GO:0046890","GO:0046890","regulation of lipid biosynthetic process","8/275","186/23355",0.00168009544799241,0.0236447718558278,0.0181111040988741,"Nr1d1/C3/Ceacam1/Cd74/Tnf/Htr2a/Htr2b/Brca1",8
"GO:0099643","GO:0099643","signal release from synapse","8/275","186/23355",0.00168009544799241,0.0236447718558278,0.0181111040988741,"Ncs1/Doc2b/Adcy1/Ppp1r9a/Htr2a/Prkcb/P2rx2/Rims3",8
"GO:0031532","GO:0031532","actin cytoskeleton reorganization","6/275","107/23355",0.00169006367180628,0.0236883721153986,0.0181445004388616,"Micall2/Cldn3/Hck/Kit/Csf1r/Trpm2",6
"GO:0002886","GO:0002886","regulation of myeloid leukocyte mediated immunity","5/275","73/23355",0.00170707414255869,0.0238299256823578,0.0182529257348381,"C3/Dnase1l3/Tyrobp/Cxcl5/Ptafr",5
"GO:0002696","GO:0002696","positive regulation of leukocyte activation","14/275","479/23355",0.00173959004529806,0.0241859132104343,0.0185256002701733,"Ceacam1/H2-Ab1/Igkc/Cd74/Cd83/H2-Aa/Tnf/Hamp/Ulbp1/Timd2/Ptprc/Tyrobp/Il1rl1/Ptafr",14
"GO:0015698","GO:0015698","inorganic anion transport","7/275","146/23355",0.00175680373325118,0.024219473858041,0.0185513066033169,"Cldn4/Racgap1/Tg/Slc1a1/Car2/Ptafr/Gabrp",7
"GO:0032369","GO:0032369","negative regulation of lipid transport","4/275","44/23355",0.00176307654825066,0.024219473858041,0.0185513066033169,"Abcg5/Tnf/Trh/Il1rn",4
"GO:1903524","GO:1903524","positive regulation of blood circulation","4/275","44/23355",0.00176307654825066,0.024219473858041,0.0185513066033169,"Ccn2/Scn5a/Slc1a1/Edn1",4
"GO:0050670","GO:0050670","regulation of lymphocyte proliferation","9/275","232/23355",0.00179442090254224,0.0245522352062129,0.018806190661982,"Ceacam1/Laptm5/H2-Ab1/Cd74/H2-Aa/Ptprc/Tyrobp/Gal/Btla",9
"GO:0001885","GO:0001885","endothelial cell development","5/275","74/23355",0.00181344807242564,0.0246172006052111,0.0188559519839036,"Cldn3/Marveld2/Cldn1/Tnf/Tjp3",5
"GO:0042130","GO:0042130","negative regulation of T cell proliferation","5/275","74/23355",0.00181344807242564,0.0246172006052111,0.0188559519839036,"Ceacam1/Laptm5/H2-Ab1/H2-Aa/Btla",5
"GO:0051956","GO:0051956","negative regulation of amino acid transport","3/275","21/23355",0.00183548437376614,0.0248186279244928,0.0190102385708122,"Tnf/Trh/Il1rn",3
"GO:0002444","GO:0002444","myeloid leukocyte mediated immunity","6/275","109/23355",0.00185722977843111,0.025014563578244,0.0191603187256729,"C3/Kit/Dnase1l3/Tyrobp/Cxcl5/Ptafr",6
"GO:1901214","GO:1901214","regulation of neuron death","12/275","380/23355",0.00194119927077175,0.0260437941074746,0.0199486748735053,"Ddit4/Csf1/Bbc3/Fgf21/Tnf/Slc1a1/Faim2/Trpm2/Ncf2/C1qa/Tyrobp/Chl1",12
"GO:0007259","GO:0007259","receptor signaling pathway via JAK-STAT","8/275","191/23355",0.00198391902076485,0.026513770479059,0.0203086610489556,"Lif/Tnf/Kit/Hamp/Csf1r/Ptprc/Cxcl5/Hmga2",8
"GO:0008630","GO:0008630","intrinsic apoptotic signaling pathway in response to DNA damage","6/275","111/23355",0.00203663006788908,0.0270620893831122,0.0207286549829736,"Ddit4/Bbc3/Cd74/Tnf/Bcl2a1b/Brca1",6
"GO:0043954","GO:0043954","cellular component maintenance","5/275","76/23355",0.00204064479106994,0.0270620893831122,0.0207286549829736,"Cldn3/Pkp2/Chchd10/Cldn1/Csf1r",5
"GO:0010876","GO:0010876","lipid localization","14/275","488/23355",0.00206384582324769,0.0272649057416017,0.0208840055274388,"Ecrg4/C3/Abcg5/Smim22/Tnf/Slc1a1/Atp10b/Trh/Edn1/Kcnn4/Gal/Il1rn/Esyt3/Stra6l",14
"GO:0001774","GO:0001774","microglial cell activation","4/275","46/23355",0.00208079353008106,0.0273838782126698,0.0209751344595153,"Nr1d1/Tnf/C1qa/Tyrobp",4
"GO:0071800","GO:0071800","podosome assembly","3/275","22/23355",0.00210691984463674,0.0275176500920738,0.0210775992431961,"Lcp1/Hck/Tnf",3
"GO:2000192","GO:2000192","negative regulation of fatty acid transport","3/275","22/23355",0.00210691984463674,0.0275176500920738,0.0210775992431961,"Tnf/Trh/Il1rn",3
"GO:0002687","GO:0002687","positive regulation of leukocyte migration","7/275","151/23355",0.00212695837896187,0.0276240971608322,0.0211591341361973,"Csf1/Serpine1/Cd74/Csf1r/Edn1/Mmp9/Ptafr",7
"GO:0001959","GO:0001959","regulation of cytokine-mediated signaling pathway","6/275","112/23355",0.00213109334245399,0.0276240971608322,0.0211591341361973,"Csf1/Laptm5/Cd74/Edn1/Ptprc/Il1rn",6
"GO:0071103","GO:0071103","DNA conformation change","9/275","239/23355",0.00219501059580289,0.0283460544356868,0.0217121292523929,"Ncapg/Cdk1/Rad51/Nusap1/Mcm2/Cdca5/Ccnb1/Oip5/Hmga2",9
"GO:0045446","GO:0045446","endothelial cell differentiation","6/275","113/23355",0.00222882644277188,0.0286753491592442,0.0219643579925949,"Cldn3/Ceacam1/Marveld2/Cldn1/Tnf/Tjp3",6
"GO:0050731","GO:0050731","positive regulation of peptidyl-tyrosine phosphorylation","8/275","195/23355",0.00225683959155927,0.0287243562094228,0.0220018957532793,"Lif/Gfra1/Cd74/Tnf/Kit/Csf1r/Htr2a/Ptprc",8
"GO:0140013","GO:0140013","meiotic nuclear division","8/275","195/23355",0.00225683959155927,0.0287243562094228,0.0220018957532793,"Lif/Nuf2/Fanca/Rad51/Bub1/Plk1/Bub1b/Fignl1",8
"GO:0017157","GO:0017157","regulation of exocytosis","9/275","240/23355",0.00225762776471971,0.0287243562094228,0.0220018957532793,"Ncs1/Doc2b/Adcy1/Htr2a/Prkcb/Scamp5/Ptafr/P2rx2/Rims3",9
"GO:0008625","GO:0008625","extrinsic apoptotic signaling pathway via death domain receptors","5/275","78/23355",0.00228794737325881,0.0290030975845455,0.022215402320071,"Sfrp2/Serpine1/Tnf/Faim2/Brca1",5
"GO:0097696","GO:0097696","receptor signaling pathway via STAT","8/275","196/23355",0.00232946928711883,0.0293902998770382,0.022511986320518,"Lif/Tnf/Kit/Hamp/Csf1r/Ptprc/Cxcl5/Hmga2",8
"GO:0002790","GO:0002790","peptide secretion","13/275","441/23355",0.00233554007143517,0.0293902998770382,0.022511986320518,"Ecrg4/Lif/Nr1d1/Cd74/Doc2b/Tnf/Trh/Edn1/Kcnn4/Trpm2/Mia2/Il1rn/Hmga2",13
"GO:0030072","GO:0030072","peptide hormone secretion","10/275","289/23355",0.00236269670352564,0.0295748704236804,0.0226533611836043,"Ecrg4/Lif/Nr1d1/Doc2b/Tnf/Trh/Edn1/Trpm2/Il1rn/Hmga2",10
"GO:0006836","GO:0006836","neurotransmitter transport","9/275","242/23355",0.00238712598398661,0.0295748704236804,0.0226533611836043,"Ncs1/Doc2b/Adcy1/Ppp1r9a/Htr2a/Slc6a17/Prkcb/P2rx2/Rims3",9
"GO:0050857","GO:0050857","positive regulation of antigen receptor-mediated signaling pathway","3/275","23/23355",0.00240201823460466,0.0295748704236804,0.0226533611836043,"Prkcb/Kcnn4/Ptprc",3
"GO:0071577","GO:0071577","zinc ion transmembrane transport","3/275","23/23355",0.00240201823460466,0.0295748704236804,0.0226533611836043,"Slc39a4/Slc1a1/Trpm2",3
"GO:0006323","GO:0006323","DNA packaging","8/275","197/23355",0.0024039206111237,0.0295748704236804,0.0226533611836043,"Ncapg/Cdk1/Nusap1/Mcm2/Cdca5/Ccnb1/Oip5/Hmga2",8
"GO:0051781","GO:0051781","positive regulation of cell division","5/275","79/23355",0.0024194549457372,0.0295748704236804,0.0226533611836043,"Kif23/Cit/Racgap1/Aurkb/Htr2b",5
"GO:0006939","GO:0006939","smooth muscle contraction","6/275","115/23355",0.00243438786605295,0.0295748704236804,0.0226533611836043,"Kit/Htr2a/Edn1/Htr2b/Ptafr/P2rx2",6
"GO:0001961","GO:0001961","positive regulation of cytokine-mediated signaling pathway","4/275","48/23355",0.00243598120659085,0.0295748704236804,0.0226533611836043,"Csf1/Laptm5/Cd74/Edn1",4
"GO:0010972","GO:0010972","negative regulation of G2/M transition of mitotic cell cycle","4/275","48/23355",0.00243598120659085,0.0295748704236804,0.0226533611836043,"Ticrr/Cdk1/D7Ertd443e/Brca1",4
"GO:0043277","GO:0043277","apoptotic cell clearance","4/275","48/23355",0.00243598120659085,0.0295748704236804,0.0226533611836043,"C3/Tyrobp/Megf10/Alox15",4
"GO:0097530","GO:0097530","granulocyte migration","7/275","155/23355",0.00246427577398843,0.0298134135744284,0.0228360772555382,"Csf1/Cd74/Cxcl2/Csf1r/Edn1/Vav1/Cxcl5",7
"GO:0048771","GO:0048771","tissue remodeling","8/275","198/23355",0.00248022486787385,0.0299014522532484,0.0229035119377824,"Lif/Ceacam1/Dlk1/Ctss/Hamp/Csf1r/Car2/Mmp9",8
"GO:0032465","GO:0032465","regulation of cytokinesis","5/275","80/23355",0.00255636941774418,0.030629895973624,0.0234614754542138,"Kif23/Cit/Racgap1/Aurkb/Plk1",5
"GO:0002706","GO:0002706","regulation of lymphocyte mediated immunity","8/275","199/23355",0.00255841358480386,0.030629895973624,0.0234614754542138,"C3/Ceacam1/Muc4/Tnf/Ulbp1/Ptprc/Vav1/Cd1d2",8
"GO:0002820","GO:0002820","negative regulation of adaptive immune response","4/275","49/23355",0.00262829061502316,0.0312494691055167,0.0239360477426247,"Muc4/Ptprc/Il1rl1/Alox15",4
"GO:1902041","GO:1902041","regulation of extrinsic apoptotic signaling pathway via death domain receptors","4/275","49/23355",0.00262829061502316,0.0312494691055167,0.0239360477426247,"Sfrp2/Serpine1/Faim2/Brca1",4
"GO:0006937","GO:0006937","regulation of muscle contraction","7/275","157/23355",0.00264765906378188,0.0313715754361509,0.0240295771062714,"Ccn2/Scn5a/Pkp2/Kit/Edn1/Ptafr/Mylk2",7
"GO:1905952","GO:1905952","regulation of lipid localization","8/275","201/23355",0.00272057160213845,0.0319169091958542,0.0244472845195989,"Ecrg4/C3/Abcg5/Tnf/Trh/Edn1/Gal/Il1rn",8
"GO:0002834","GO:0002834","regulation of response to tumor cell","3/275","24/23355",0.00272145339431008,0.0319169091958542,0.0244472845195989,"Ceacam1/Muc4/Ulbp1",3
"GO:0002837","GO:0002837","regulation of immune response to tumor cell","3/275","24/23355",0.00272145339431008,0.0319169091958542,0.0244472845195989,"Ceacam1/Muc4/Ulbp1",3
"GO:1903532","GO:1903532","positive regulation of secretion by cell","11/275","346/23355",0.00280982077238233,0.0328415661802518,0.0251555408310696,"Ecrg4/Lif/Ncs1/Doc2b/Trh/Edn1/Kcnn4/Trpm2/Gal/Scamp5/Ptafr",11
"GO:0034103","GO:0034103","regulation of tissue remodeling","5/275","82/23355",0.00284692823883765,0.0331628667821359,0.0254016463415493,"Ceacam1/Dlk1/Hamp/Csf1r/Car2",5
"GO:1903522","GO:1903522","regulation of blood circulation","9/275","249/23355",0.00288754013198638,0.0335226881316129,0.0256772574557995,"Ccn2/Scn5a/Pkp2/Kcne1l/Tnf/Slc1a1/Htr2a/Edn1/Ptafr",9
"GO:0051048","GO:0051048","negative regulation of secretion","8/275","204/23355",0.0029787426755243,0.0344654521651268,0.0263993831610402,"Lif/Maob/Cd74/Ppp1r9a/Tnf/Trh/Edn1/Il1rn",8
"GO:0001912","GO:0001912","positive regulation of leukocyte mediated cytotoxicity","5/275","83/23355",0.00300082740998779,0.0346048592295582,0.0265061643079013,"Ulbp1/Ptprc/Tyrobp/Vav1/Cd1d2",5
"GO:0001911","GO:0001911","negative regulation of leukocyte mediated cytotoxicity","3/275","25/23355",0.00306586548813673,0.0350036563016406,0.0268116295215583,"Ceacam1/Muc4/Ptprc",3
"GO:0007095","GO:0007095","mitotic G2 DNA damage checkpoint","3/275","25/23355",0.00306586548813673,0.0350036563016406,0.0268116295215583,"Ticrr/Cdk1/D7Ertd443e",3
"GO:0034114","GO:0034114","regulation of heterotypic cell-cell adhesion","3/275","25/23355",0.00306586548813673,0.0350036563016406,0.0268116295215583,"Tnf/Alox15/Il1rn",3
"GO:0071478","GO:0071478","cellular response to radiation","7/275","162/23355",0.00315203821610208,0.0358586322454766,0.0274665124874529,"Bbc3/Sfrp2/Pbk/Rad51/Aurkb/Fignl1/Mmp9",7
"GO:0072593","GO:0072593","reactive oxygen species metabolic process","10/275","301/23355",0.00316154994275664,0.0358586322454766,0.0274665124874529,"Ddit4/Ccn2/Tnf/Slc1a1/Edn1/Ulbp1/Ncf2/Tyrobp/Vav1/Brca1",10
"GO:0043281","GO:0043281","regulation of cysteine-type endopeptidase activity involved in apoptotic process","8/275","207/23355",0.00325561779333456,0.0365011796251505,0.027958682280957,"Bbc3/Sfrp2/Ccn2/Laptm5/Tnf/Slc1a1/Mmp9/Cryaa",8
"GO:0032103","GO:0032103","positive regulation of response to external stimulus","12/275","405/23355",0.00326070249588089,0.0365011796251505,0.027958682280957,"Csf1/C3/Ctss/Serpine1/Cd74/Tnf/Csf1r/Edn1/Ulbp1/Tyrobp/Vav1/Il1rl1",12
"GO:0046887","GO:0046887","positive regulation of hormone secretion","7/275","163/23355",0.00326116352268904,0.0365011796251505,0.027958682280957,"Ecrg4/Lif/Doc2b/Trh/Edn1/Trpm2/Gal",7
"GO:0060759","GO:0060759","regulation of response to cytokine stimulus","6/275","122/23355",0.00326745992188896,0.0365011796251505,0.027958682280957,"Csf1/Laptm5/Cd74/Edn1/Ptprc/Il1rn",6
"GO:0007159","GO:0007159","leukocyte cell-cell adhesion","11/275","353/23355",0.00327113239680148,0.0365011796251505,0.027958682280957,"Ceacam1/Laptm5/H2-Ab1/Cd74/Cd83/H2-Aa/Tnf/Ptprc/Olr1/Ptafr/Btla",11
"GO:0046883","GO:0046883","regulation of hormone secretion","10/275","303/23355",0.00331345145102424,0.0368541309778438,0.0282290312075375,"Ecrg4/Lif/Nr1d1/Doc2b/Tnf/Trh/Edn1/Trpm2/Gal/Hmga2",10
"GO:0001505","GO:0001505","regulation of neurotransmitter levels","9/275","255/23355",0.00337945009183565,0.0374673437834383,0.0286987316988175,"Ncs1/Maob/Doc2b/Adcy1/Ppp1r9a/Htr2a/Prkcb/P2rx2/Rims3",9
"GO:0060326","GO:0060326","cell chemotaxis","10/275","304/23355",0.0033915505463705,0.0374809816791202,0.0287091778705924,"Csf1/Serpine1/Cd74/Cxcl2/Kit/Csf1r/Edn1/Trpm2/Vav1/Cxcl5",10
"GO:0002418","GO:0002418","immune response to tumor cell","3/275","26/23355",0.00343586185684726,0.0374900369696498,0.0287161139201525,"Ceacam1/Muc4/Ulbp1",3
"GO:0007205","GO:0007205","protein kinase C-activating G protein-coupled receptor signaling pathway","3/275","26/23355",0.00343586185684726,0.0374900369696498,0.0287161139201525,"Dgkg/Edn1/Htr2b",3
"GO:0032703","GO:0032703","negative regulation of interleukin-2 production","3/275","26/23355",0.00343586185684726,0.0374900369696498,0.0287161139201525,"Ceacam1/Laptm5/Ptprc",3
"GO:0086019","GO:0086019","cell-cell signaling involved in cardiac conduction","3/275","26/23355",0.00343586185684726,0.0374900369696498,0.0287161139201525,"Scn5a/Pkp2/Kcne1l",3
"GO:0098742","GO:0098742","cell-cell adhesion via plasma-membrane adhesion molecules","8/275","209/23355",0.00345103396332859,0.0375367984402429,0.0287519316420104,"Cldn3/Ceacam1/Robo2/Cldn1/Nectin4/Il1rn/Unc5d/Dsc1",8
"GO:0046323","GO:0046323","glucose import","5/275","86/23355",0.003498532952163,0.0378491323594309,0.0289911689735658,"Ocln/Slc5a1/Fgf21/Tnf/Rnasel",5
"GO:0032757","GO:0032757","positive regulation of interleukin-8 production","4/275","53/23355",0.00350170337084062,0.0378491323594309,0.0289911689735658,"Serpine1/Cd74/Camp/Tnf",4
"GO:0050868","GO:0050868","negative regulation of T cell activation","6/275","124/23355",0.00354036172240322,0.0381473975588947,0.029219630136545,"Ceacam1/Laptm5/H2-Ab1/Cd74/H2-Aa/Btla",6
"GO:0030198","GO:0030198","extracellular matrix organization","10/275","306/23355",0.00355214012616778,0.0381550752493037,0.0292255109905065,"Fbln2/Sfrp2/Ccn2/Chadl/Lcp1/Ctss/Col9a1/Tnf/Hpse2/Mmp9",10
"GO:0043062","GO:0043062","extracellular structure organization","10/275","307/23355",0.00363466882271366,0.038799808361352,0.0297193549818757,"Fbln2/Sfrp2/Ccn2/Chadl/Lcp1/Ctss/Col9a1/Tnf/Hpse2/Mmp9",10
"GO:0045229","GO:0045229","external encapsulating structure organization","10/275","307/23355",0.00363466882271366,0.038799808361352,0.0297193549818757,"Fbln2/Sfrp2/Ccn2/Chadl/Lcp1/Ctss/Col9a1/Tnf/Hpse2/Mmp9",10
"GO:0140353","GO:0140353","lipid export from cell","5/275","87/23355",0.00367686169000331,0.0391290713183068,0.029971559389923,"Ecrg4/Trh/Edn1/Gal/Il1rn",5
"GO:0010639","GO:0010639","negative regulation of organelle organization","11/275","359/23355",0.00371329693139254,0.039154274677191,0.0299908643195361,"Lif/Kntc1/Tpx2/Kifc1/Ppp1r9a/Aurkb/Bub1/Mcm2/Plk1/Bub1b/Ccnb1",11
"GO:0019216","GO:0019216","regulation of lipid metabolic process","11/275","359/23355",0.00371329693139254,0.039154274677191,0.0299908643195361,"Nr1d1/C3/Ceacam1/Cd74/Fgf21/Tnf/Kit/Htr2a/Gal/Htr2b/Brca1",11
"GO:0043271","GO:0043271","negative regulation of ion transport","11/275","359/23355",0.00371329693139254,0.039154274677191,0.0299908643195361,"Maob/Abcg5/Cd74/Kcne1l/Tnf/Hamp/Trh/Htr2a/Prkcb/Mmp9/Il1rn",11
"GO:0003012","GO:0003012","muscle system process","12/275","412/23355",0.00373802653008527,0.0391543800822811,0.0299909450563082,"Ccn2/Scn5a/Pkp2/Kcne1l/Kit/Htr2a/Edn1/Myom2/Htr2b/Ptafr/P2rx2/Mylk2",12
"GO:0031349","GO:0031349","positive regulation of defense response","9/275","259/23355",0.00374243481687602,0.0391543800822811,0.0299909450563082,"C3/Ctss/Serpine1/Cd74/Tnf/Ulbp1/Tyrobp/Vav1/Il1rl1",9
"GO:0060760","GO:0060760","positive regulation of response to cytokine stimulus","4/275","54/23355",0.0037473739637914,0.0391543800822811,0.0299909450563082,"Csf1/Laptm5/Cd74/Edn1",4
"GO:0031100","GO:0031100","animal organ regeneration","3/275","27/23355",0.00383201786279715,0.0399178174952404,0.0305757125703865,"Lif/Cdk1/Cxcl5",3
"GO:0071824","GO:0071824","protein-DNA complex subunit organization","8/275","213/23355",0.00386907713860894,0.0399604300400429,0.03060835235391,"Rad51/Cenph/Cenpa/Mcm2/Dlgap5/Mcm3/Oip5/Mcm5",8
"GO:1903046","GO:1903046","meiotic cell cycle process","8/275","213/23355",0.00386907713860894,0.0399604300400429,0.03060835235391,"Lif/Nuf2/Fanca/Rad51/Bub1/Plk1/Bub1b/Fignl1",8
"GO:0006909","GO:0006909","phagocytosis","11/275","361/23355",0.00387087692383246,0.0399604300400429,0.03060835235391,"C3/Igkc/Hck/Tnf/Ncf2/Timd2/Ptprc/Tyrobp/Megf10/Vav1/Alox15",11
"GO:0032368","GO:0032368","regulation of lipid transport","7/275","169/23355",0.00397769401909698,0.0408527509741178,0.0312918403327822,"Ecrg4/Abcg5/Tnf/Trh/Edn1/Gal/Il1rn",7
"GO:0003158","GO:0003158","endothelium development","6/275","127/23355",0.00398101053576089,0.0408527509741178,0.0312918403327822,"Cldn3/Ceacam1/Marveld2/Cldn1/Tnf/Tjp3",6
"GO:0042531","GO:0042531","positive regulation of tyrosine phosphorylation of STAT protein","4/275","55/23355",0.00400447044690576,0.0409715551956411,0.031382840391337,"Lif/Tnf/Kit/Csf1r",4
"GO:0045927","GO:0045927","positive regulation of growth","10/275","312/23355",0.00407042522965105,0.0415231544137184,0.0318053469361398,"Csf1/C3/Sfrp2/Serpine1/Cdk1/Ccnb1/Edn1/Cryaa/Rasal1/Hmga2",10
"GO:0050730","GO:0050730","regulation of peptidyl-tyrosine phosphorylation","9/275","263/23355",0.00413532019721033,0.0419493689995724,0.032131813047969,"Lif/Gfra1/Sfrp2/Cd74/Tnf/Kit/Csf1r/Htr2a/Ptprc",9
"GO:0046425","GO:0046425","regulation of receptor signaling pathway via JAK-STAT","6/275","128/23355",0.00413653870645435,0.0419493689995724,0.032131813047969,"Lif/Tnf/Kit/Ptprc/Cxcl5/Hmga2",6
"GO:0010460","GO:0010460","positive regulation of heart rate","3/275","28/23355",0.004254877718037,0.0426927456294423,0.0327012146734249,"Scn5a/Slc1a1/Edn1",3
"GO:0086005","GO:0086005","ventricular cardiac muscle cell action potential","3/275","28/23355",0.004254877718037,0.0426927456294423,0.0327012146734249,"Scn5a/Pkp2/Kcne1l",3
"GO:1903037","GO:1903037","regulation of leukocyte cell-cell adhesion","10/275","314/23355",0.00425587979967112,0.0426927456294423,0.0327012146734249,"Ceacam1/Laptm5/H2-Ab1/Cd74/Cd83/H2-Aa/Tnf/Ptprc/Ptafr/Btla",10
"GO:0071622","GO:0071622","regulation of granulocyte chemotaxis","4/275","56/23355",0.0042732366403939,0.0426927456294423,0.0327012146734249,"Csf1/Cd74/Csf1r/Edn1",4
"GO:0090303","GO:0090303","positive regulation of wound healing","4/275","56/23355",0.0042732366403939,0.0426927456294423,0.0327012146734249,"Cldn4/Cldn3/Serpine1/Cldn1",4
"GO:0007098","GO:0007098","centrosome cycle","6/275","129/23355",0.00429651471386788,0.0426927456294423,0.0327012146734249,"Kif11/Pclaf/Kifc1/D7Ertd443e/Plk1/Brca1",6
"GO:0061041","GO:0061041","regulation of wound healing","6/275","129/23355",0.00429651471386788,0.0426927456294423,0.0327012146734249,"Cldn4/Cldn3/Ceacam1/Serpine1/Cldn1/Tnf",6
"GO:0002253","GO:0002253","activation of immune response","12/275","420/23355",0.00435091258628934,0.0431090419469128,0.0330200837235328,"C3/C4b/Laptm5/H2-Ab1/Igkc/C1qc/Prkcb/Kcnn4/C1qa/Ptprc/Tyrobp/C1qb",12
"GO:0048639","GO:0048639","positive regulation of developmental growth","8/275","218/23355",0.00444547810991358,0.0439197951947909,0.0336410935839939,"Csf1/C3/Serpine1/Cdk1/Ccnb1/Edn1/Rasal1/Hmga2",8
"GO:0046879","GO:0046879","hormone secretion","11/275","368/23355",0.0044649781634589,0.0439864134503037,0.0336921209387019,"Ecrg4/Lif/Nr1d1/Doc2b/Tnf/Trh/Edn1/Trpm2/Gal/Il1rn/Hmga2",11
"GO:0043030","GO:0043030","regulation of macrophage activation","4/275","57/23355",0.00455391293681291,0.0447347344904014,0.0342653098169548,"Nr1d1/Hamp/Ulbp1/Il1rl1",4
"GO:0006816","GO:0006816","calcium ion transport","12/275","423/23355",0.00460053371353383,0.0450643188757519,0.0345177604283983,"Bbc3/Ccn2/Serpine1/Bspry/Nalcn/Htr2a/Prkcb/Kcnn4/Trpm2/Ptprc/Mchr1/Htr2b",12
"GO:0000724","GO:0000724","double-strand break repair via homologous recombination","6/275","131/23355",0.0046301114309189,0.0452255643450662,0.0346412690626972,"Rad51/Mcm2/Mcm3/Fignl1/Mcm5/Brca1",6
"GO:0018108","GO:0018108","peptidyl-tyrosine phosphorylation","10/275","318/23355",0.00464678248233331,0.0452601864380939,0.0346677884275179,"Lif/Gfra1/Sfrp2/Cd74/Hck/Tnf/Kit/Csf1r/Htr2a/Ptprc",10
"GO:0002888","GO:0002888","positive regulation of myeloid leukocyte mediated immunity","3/275","29/23355",0.00470495529560728,0.0453147649699829,0.0347095937567735,"C3/Tyrobp/Ptafr",3
"GO:0031342","GO:0031342","negative regulation of cell killing","3/275","29/23355",0.00470495529560728,0.0453147649699829,0.0347095937567735,"Ceacam1/Muc4/Ptprc",3
"GO:0043032","GO:0043032","positive regulation of macrophage activation","3/275","29/23355",0.00470495529560728,0.0453147649699829,0.0347095937567735,"Hamp/Ulbp1/Il1rl1",3
"GO:0061436","GO:0061436","establishment of skin barrier","3/275","29/23355",0.00470495529560728,0.0453147649699829,0.0347095937567735,"Cldn4/Grhl1/Cldn1",3
"GO:0000725","GO:0000725","recombinational repair","6/275","132/23355",0.00480388289047915,0.0459659514191738,0.0352083807884684,"Rad51/Mcm2/Mcm3/Fignl1/Mcm5/Brca1",6
"GO:0098739","GO:0098739","import across plasma membrane","7/275","175/23355",0.00480776233984865,0.0459659514191738,0.0352083807884684,"Scn5a/Slc39a4/Slc5a1/Tnf/Slc1a1/Slc6a14/Trpm2",7
"GO:0050891","GO:0050891","multicellular organismal water homeostasis","4/275","58/23355",0.00484673618457659,0.0459659514191738,0.0352083807884684,"Cldn4/Grhl1/Cldn1/Atp6v1b1",4
"GO:1903350","GO:1903350","response to dopamine","4/275","58/23355",0.00484673618457659,0.0459659514191738,0.0352083807884684,"Slc1a1/Htr2a/Rgs8/Htr2b",4
"GO:1903351","GO:1903351","cellular response to dopamine","4/275","58/23355",0.00484673618457659,0.0459659514191738,0.0352083807884684,"Slc1a1/Htr2a/Rgs8/Htr2b",4
"GO:0046651","GO:0046651","lymphocyte proliferation","10/275","320/23355",0.00485255403613088,0.0459659514191738,0.0352083807884684,"Ceacam1/Laptm5/H2-Ab1/Cd74/H2-Aa/Cd70/Ptprc/Tyrobp/Gal/Btla",10
"GO:0032642","GO:0032642","regulation of chemokine production","5/275","93/23355",0.00488618129912801,0.0461576797791599,0.0353552382970791,"Cd74/Tnf/Csf1r/Il1rl1/Cxcl5",5
"GO:0018212","GO:0018212","peptidyl-tyrosine modification","10/275","321/23355",0.0049580913357807,0.0467090134583931,0.035777541448012,"Lif/Gfra1/Sfrp2/Cd74/Hck/Tnf/Kit/Csf1r/Htr2a/Ptprc",10
"GO:1903039","GO:1903039","positive regulation of leukocyte cell-cell adhesion","8/275","223/23355",0.00508577693400116,0.0477813593145395,0.0365989224936438,"Ceacam1/H2-Ab1/Cd74/Cd83/H2-Aa/Tnf/Ptprc/Ptafr",8
"GO:0032663","GO:0032663","regulation of interleukin-2 production","4/275","59/23355",0.00515193957789244,0.0481673046336214,0.0368945436945158,"Ceacam1/Laptm5/Cd83/Ptprc",4
"GO:1904892","GO:1904892","regulation of receptor signaling pathway via STAT","6/275","134/23355",0.00516574913103844,0.0481673046336214,0.0368945436945158,"Lif/Tnf/Kit/Ptprc/Cxcl5/Hmga2",6
"GO:0010863","GO:0010863","positive regulation of phospholipase C activity","3/275","30/23355",0.00518273492432527,0.0481673046336214,0.0368945436945158,"Htr2a/Htr2b/Ptafr",3
"GO:0071168","GO:0071168","protein localization to chromatin","3/275","30/23355",0.00518273492432527,0.0481673046336214,0.0368945436945158,"Cdca5/Plk1/Esco2",3
"GO:0009914","GO:0009914","hormone transport","11/275","376/23355",0.00523046545339427,0.0484802281809232,0.0371342326614777,"Ecrg4/Lif/Nr1d1/Doc2b/Tnf/Trh/Edn1/Trpm2/Gal/Il1rn/Hmga2",11
"GO:0050808","GO:0050808","synapse organization","13/275","486/23355",0.00528204095581449,0.0488270166639367,0.0373998610360902,"C3/Ppp1r9a/Chchd10/Tnf/Slc1a1/Nfasc/C1qc/Lrrtm1/C1qa/Camkv/P2rx2/C1qb/Rims3",13
"GO:0002690","GO:0002690","positive regulation of leukocyte chemotaxis","5/275","95/23355",0.00534538575484373,0.049097271199061,0.0376068669674087,"Csf1/Serpine1/Cd74/Csf1r/Edn1",5
"GO:0031343","GO:0031343","positive regulation of cell killing","5/275","95/23355",0.00534538575484373,0.049097271199061,0.0376068669674087,"Ulbp1/Ptprc/Tyrobp/Vav1/Cd1d2",5
"GO:0014065","GO:0014065","phosphatidylinositol 3-kinase signaling","6/275","135/23355",0.0053539947711273,0.049097271199061,0.0376068669674087,"Cep55/Tnf/Htr2a/Edn1/Ltk/Htr2b",6
